,ID,Romance,Action,Horror,Documentary,Reality-TV
0,44231,0,1,0,0,0
1,44265,1,0,0,0,0
2,47708,0,0,1,0,0
3,47739,0,1,0,0,0
4,48845,1,0,0,0,0
5,51247,0,1,0,0,0
6,51301,0,1,0,0,0
7,51311,0,1,0,0,0
8,52442,0,0,1,0,0
9,52520,0,0,1,0,0
10,52522,0,1,0,0,0
11,53496,0,1,0,0,0
12,53546,0,0,1,0,0
13,54518,1,1,0,0,0
14,55657,0,0,1,0,0
15,55666,0,1,0,0,0
16,55701,0,1,0,0,0
17,56758,1,0,0,0,0
18,56777,0,0,1,0,0
19,57729,0,0,1,0,0
20,57730,0,1,0,0,0
21,57733,1,0,0,0,0
22,57765,0,1,0,0,0
23,57773,0,0,1,0,0
24,57786,0,1,0,0,0
25,57790,0,1,0,0,0
26,58789,0,1,0,0,0
27,58805,0,1,0,0,0
28,58816,0,1,0,0,0
29,58846,0,1,0,0,0
30,58855,0,1,0,0,0
31,59968,0,1,0,0,0
32,59973,0,1,0,0,0
33,59978,1,0,1,0,0
34,59991,0,1,0,0,0
35,60009,0,1,0,0,0
36,60018,0,1,0,0,0
37,60026,0,1,0,0,0
38,60028,0,1,0,0,0
39,60036,0,1,0,0,0
40,60037,0,1,0,0,0
41,61250,0,1,0,0,0
42,61253,1,0,0,0,0
43,61277,0,1,0,0,0
44,61300,0,1,0,0,0
45,61301,0,1,0,0,0
46,62544,0,1,0,0,0
47,62572,0,1,0,0,0
48,62589,0,1,0,0,0
49,62595,1,0,0,0,0
50,63925,1,0,0,0,0
51,63946,0,1,0,0,0
52,63962,0,1,0,0,0
53,65272,1,0,0,0,0
54,65317,0,1,0,0,0
55,65327,0,0,1,0,0
56,66636,0,1,0,0,0
57,66701,0,1,0,0,0
58,68067,0,1,0,0,0
59,68069,1,0,0,0,0
60,68120,0,0,0,0,1
61,68135,0,1,0,0,0
62,68149,1,0,0,0,0
63,69599,0,1,0,0,0
64,69637,0,1,0,0,0
65,69641,0,1,0,0,0
66,69658,1,0,0,0,0
67,70996,0,1,0,0,0
68,71003,0,0,1,0,0
69,71007,1,0,0,0,0
70,71028,0,1,0,0,0
71,71034,0,1,0,0,0
72,71050,0,1,0,0,0
73,71054,0,1,0,0,0
74,71059,0,1,0,0,0
75,71075,0,0,0,1,0
76,72560,0,1,0,0,0
77,72567,0,1,0,0,0
78,73961,0,1,0,0,0
79,73965,0,1,0,0,0
80,73972,0,1,0,0,0
81,74021,1,0,0,0,0
82,74031,0,1,0,0,0
83,74074,0,1,0,0,0
84,75473,0,1,0,0,0
85,75529,1,0,0,0,0
86,75543,0,1,0,0,0
87,75560,1,0,0,0,0
88,75561,0,1,0,0,0
89,75584,1,0,0,0,0
90,75592,0,0,1,0,0
91,76975,0,1,0,0,0
92,76983,0,1,0,0,0
93,76984,0,1,0,0,0
94,76994,0,1,0,0,0
95,77000,1,0,0,0,0
96,77008,1,0,0,0,0
97,77031,0,1,0,0,0
98,78560,1,0,0,0,0
99,78570,1,0,0,0,0
100,78579,0,1,0,0,0
101,78607,0,1,0,0,0
102,78622,1,1,0,0,0
103,78638,1,0,0,0,0
104,78659,0,1,0,0,0
105,78692,0,1,0,0,0
106,78703,1,0,0,0,0
107,80231,0,0,1,0,0
108,80240,0,1,0,0,0
109,81838,1,0,0,0,0
110,81856,1,0,0,0,0
111,81858,1,0,0,0,0
112,81859,0,1,0,0,0
113,81930,0,1,0,0,0
114,81938,0,1,0,0,0
115,81954,1,1,0,0,0
116,82461,1,0,0,0,0
117,83412,1,0,0,0,0
118,83430,0,1,0,0,0
119,83437,0,1,0,0,0
120,83470,1,1,0,0,0
121,83481,0,1,0,0,0
122,83486,0,1,0,0,0
123,83488,1,0,0,0,0
124,83780,1,0,0,0,0
125,84967,0,1,0,0,0
126,84970,1,1,1,0,0
127,85029,0,1,0,0,0
128,85031,0,0,1,0,0
129,85032,1,0,0,0,0
130,85033,0,1,0,0,0
131,85088,1,0,0,0,0
132,85096,0,1,0,0,0
133,86662,0,1,0,0,0
134,86671,0,1,0,0,0
135,86687,1,0,0,0,0
136,86719,0,1,0,0,0
137,86734,0,1,0,0,0
138,86756,0,1,0,0,0
139,86759,0,1,0,0,0
140,86779,1,0,0,0,0
141,86789,0,1,0,0,0
142,86791,0,1,0,0,0
143,86793,1,0,0,0,0
144,86814,0,0,1,0,0
145,86817,0,1,0,0,0
146,86822,0,1,0,0,0
147,86827,1,0,0,0,0
148,88109,0,1,0,0,0
149,88478,0,0,1,0,0
150,88500,0,0,1,0,0
151,88503,0,1,0,0,0
152,88509,0,1,0,0,0
153,88510,0,1,0,0,0
154,88512,1,0,0,0,0
155,88513,0,1,0,0,0
156,88559,0,1,0,0,0
157,88563,0,1,0,0,0
158,88571,1,0,0,0,0
159,88591,0,0,1,0,0
160,88595,0,1,0,0,0
161,88618,0,1,0,0,0
162,88631,0,1,0,0,0
163,88634,0,0,1,0,0
164,90399,1,0,0,0,0
165,90417,1,0,0,0,0
166,90436,0,1,0,0,0
167,90461,1,0,0,0,0
168,90479,1,0,0,0,0
169,90506,0,1,0,0,0
170,90520,0,1,0,0,0
171,90525,0,1,0,0,0
172,91211,0,1,0,0,0
173,92319,1,0,0,0,0
174,92322,0,0,0,1,0
175,92325,1,0,0,0,0
176,92329,0,1,0,0,0
177,92345,0,1,0,0,0
178,92357,0,0,1,0,0
179,92383,0,0,1,0,0
180,92455,0,1,0,0,0
181,92468,0,1,0,0,0
182,92476,0,1,0,0,0
183,92492,1,0,0,0,0
184,94415,0,0,0,1,0
185,94416,0,0,0,1,0
186,94449,0,1,0,0,0
187,94466,0,0,1,0,0
188,94481,1,0,0,0,0
189,94511,0,1,0,0,0
190,94512,0,0,1,0,0
191,94516,0,1,0,0,0
192,94574,0,0,0,1,0
193,94578,0,1,1,0,0
194,94582,1,0,0,0,0
195,96532,0,1,0,0,0
196,96542,1,1,0,0,0
197,96543,0,0,1,0,0
198,96554,0,1,0,0,0
199,96557,0,1,0,0,0
200,96563,0,1,0,0,1
201,96591,1,0,0,0,0
202,96597,1,0,0,0,0
203,96633,0,1,0,0,0
204,96684,0,1,0,0,0
205,96685,1,1,0,0,0
206,96686,1,1,0,0,0
207,96694,1,0,0,0,0
208,96707,0,1,0,0,0
209,96708,0,0,1,0,0
210,96732,1,0,0,0,0
211,98740,0,0,0,0,1
212,98749,1,0,0,0,0
213,98763,0,1,0,0,0
214,98798,0,1,0,0,0
215,98900,1,0,0,0,0
216,98924,0,1,0,0,0
217,98929,1,0,0,0,0
218,98957,1,0,0,0,0
219,99363,1,0,1,0,0
220,100044,1,1,0,0,0
221,101076,0,1,0,0,0
222,101088,0,0,1,0,0
223,101121,1,0,0,0,0
224,101169,0,1,0,0,0
225,101190,1,0,0,0,0
226,101205,1,0,0,0,0
227,101206,0,0,1,0,0
228,101226,0,1,0,0,0
229,103352,0,0,1,0,0
230,103359,0,1,0,0,0
231,103369,1,1,0,0,0
232,103396,0,0,0,1,0
233,103417,0,0,1,0,0
234,103434,1,0,0,0,0
235,103442,1,1,0,0,0
236,103460,0,1,0,0,0
237,103484,1,0,0,0,0
238,103488,1,0,0,0,0
239,103491,1,0,0,0,0
240,103512,1,0,0,0,0
241,103520,0,0,0,0,1
242,103522,1,0,0,0,0
243,103524,0,1,0,0,0
244,103559,0,1,0,0,0
245,103584,0,1,0,0,0
246,103586,0,1,0,0,0
247,104523,0,0,1,0,0
248,105559,1,0,0,0,0
249,105932,0,1,0,0,0
250,105935,1,1,0,0,0
251,105943,1,0,0,0,0
252,105946,0,1,0,0,0
253,106014,1,0,0,0,0
254,106017,1,0,0,0,0
255,106057,1,0,0,0,0
256,106064,0,1,0,0,0
257,106080,1,0,0,0,0
258,106122,1,0,0,0,0
259,106126,0,1,0,0,0
260,106140,1,1,0,0,0
261,106145,0,1,0,0,0
262,106154,0,1,0,0,0
263,106168,0,1,0,0,0
264,108684,0,0,1,0,0
265,108709,1,1,0,0,0
266,108734,1,0,0,0,0
267,108757,1,0,0,0,0
268,108761,1,0,0,0,0
269,108778,1,0,0,0,0
270,108783,1,1,0,0,0
271,108799,0,1,0,0,0
272,108800,1,0,0,0,0
273,108825,1,0,0,0,0
274,108829,0,1,0,0,0
275,108872,1,0,0,0,0
276,108885,0,1,0,0,0
277,108903,0,1,0,0,0
278,108906,0,0,1,0,0
279,108909,0,1,0,0,0
280,108961,0,0,0,1,0
281,108978,0,1,0,0,0
282,108983,0,1,0,0,0
283,111880,0,0,1,0,0
284,111892,0,1,1,0,0
285,111910,1,0,0,0,0
286,111948,0,1,0,0,0
287,111964,0,1,0,0,0
288,111970,0,1,0,0,0
289,111987,0,0,1,0,0
290,111999,1,1,0,0,0
291,112004,1,0,0,0,0
292,112022,0,1,0,0,0
293,112056,0,0,0,0,1
294,112064,1,1,0,0,0
295,112095,1,0,0,0,0
296,112111,0,0,1,0,0
297,112112,0,1,0,0,0
298,112159,0,1,0,0,0
299,112166,0,1,0,0,0
300,112173,0,1,0,0,0
301,112175,0,1,0,0,0
302,112178,0,1,0,0,0
303,112196,0,1,0,0,0
304,112230,0,1,0,0,0
305,114327,1,1,0,0,0
306,115083,1,0,0,0,0
307,115086,0,1,0,0,0
308,115088,0,1,0,0,0
309,115108,0,1,0,0,0
310,115184,0,1,0,0,0
311,115215,0,1,0,0,0
312,115218,0,1,0,0,0
313,115226,0,1,0,0,0
314,115227,0,0,0,0,1
315,115228,0,1,0,0,0
316,115232,1,0,1,0,0
317,115243,0,1,0,0,0
318,115269,0,1,0,0,0
319,115270,0,0,1,0,0
320,115282,1,0,0,0,0
321,115285,0,1,0,0,0
322,115317,0,0,1,0,0
323,115319,0,1,0,0,0
324,115351,0,1,0,0,0
325,115378,0,1,0,0,0
326,115398,0,0,0,1,0
327,115674,0,1,0,0,0
328,118254,1,0,0,0,0
329,118266,0,1,0,0,0
330,118276,1,1,0,0,0
331,118298,1,0,0,0,0
332,118300,1,0,0,0,0
333,118303,1,0,0,0,0
334,118379,1,1,0,0,0
335,118436,0,1,0,0,0
336,118437,1,0,0,0,0
337,118451,0,1,0,0,0
338,118475,1,1,1,0,0
339,118480,0,1,0,0,0
340,118484,1,0,0,0,0
341,118499,1,1,0,0,0
342,120569,0,1,0,0,0
343,120575,0,1,0,0,0
344,121033,0,1,0,0,0
345,121220,0,1,0,0,0
346,121932,0,1,1,0,0
347,121967,0,1,0,0,0
348,122355,0,1,0,0,0
349,122837,0,0,1,0,0
350,123338,0,0,0,1,0
351,123816,0,1,0,0,0
352,124932,0,0,0,1,0
353,125622,0,1,0,0,0
354,125633,0,1,0,0,0
355,126158,0,1,0,0,0
356,126171,0,1,0,0,0
357,126173,0,1,0,0,0
358,127376,1,0,0,0,0
359,127382,0,1,0,0,0
360,127385,0,1,0,0,0
361,127388,0,1,0,0,0
362,127398,0,1,0,0,0
363,127471,0,1,0,0,0
364,129695,0,1,0,0,0
365,129712,0,1,0,0,0
366,130410,1,0,0,0,0
367,131179,1,0,0,0,0
368,131190,0,1,0,0,0
369,131613,0,1,0,0,0
370,133302,0,0,0,1,0
371,134247,1,0,0,0,0
372,134269,0,1,0,0,0
373,137330,1,0,0,0,0
374,138230,0,1,0,0,0
375,138919,1,1,0,0,0
376,138956,0,0,1,0,0
377,138967,0,1,0,0,0
378,139774,0,1,0,0,0
379,140749,0,1,1,0,0
380,142183,1,1,0,0,0
381,144048,0,1,0,0,1
382,144069,0,1,0,0,0
383,144714,0,1,0,0,0
384,145628,1,0,0,0,0
385,147746,0,1,0,0,0
386,147752,0,1,0,0,0
387,149437,0,1,0,0,0
388,149447,0,1,0,0,0
389,149453,1,0,0,0,0
390,157246,1,0,0,0,0
391,159156,0,0,0,1,0
392,159172,0,1,0,0,0
393,159175,0,1,0,0,0
394,159186,1,1,0,0,0
395,159192,0,1,0,0,0
396,159193,1,1,0,0,0
397,159206,1,0,0,0,0
398,159208,0,1,0,0,0
399,159567,0,1,0,0,0
400,159847,0,0,0,0,1
401,159920,0,1,0,0,0
402,160904,0,1,0,0,0
403,161952,0,1,0,0,0
404,162065,0,1,0,0,0
405,163438,0,1,0,0,0
406,163464,1,0,0,0,0
407,163488,0,1,0,0,0
408,163503,0,0,0,1,0
409,163949,0,1,0,0,0
410,165046,0,1,0,0,0
411,165564,0,0,1,0,0
412,165598,1,0,0,0,0
413,166030,0,1,0,0,0
414,166425,0,1,0,0,0
415,167720,0,1,0,0,0
416,167742,0,1,0,0,0
417,168326,1,0,0,0,0
418,168366,0,1,0,0,0
419,168436,1,0,0,0,0
420,168596,1,0,0,0,0
421,169473,0,1,0,0,0
422,169516,0,1,0,0,0
423,170982,0,1,0,0,0
424,172031,0,0,1,0,0
425,173528,0,0,0,1,0
426,174388,0,1,0,0,0
427,175058,0,1,0,0,0
428,175059,0,1,0,0,0
429,176095,0,0,0,0,1
430,177440,0,0,0,0,1
431,177443,0,1,0,0,0
432,177991,1,0,0,0,0
433,179552,0,1,0,0,0
434,181262,0,1,0,0,0
435,182587,0,1,0,0,0
436,182629,0,1,0,0,0
437,182646,0,1,0,0,0
438,184135,0,0,1,0,0
439,185070,1,1,0,0,0
440,185103,0,1,0,0,0
441,185130,0,1,0,0,0
442,185133,1,1,0,0,0
443,187635,0,1,0,0,0
444,187636,0,1,0,0,0
445,187664,0,1,0,0,0
446,189315,0,1,0,0,0
447,189392,0,1,1,0,0
448,190171,0,0,0,1,0
449,190198,0,1,0,0,0
450,190897,1,0,0,0,0
451,197182,0,1,0,0,0
452,199248,0,0,0,1,0
453,202197,1,0,0,0,0
454,202198,1,0,0,0,0
455,202200,1,0,0,0,0
456,202430,1,0,0,0,0
457,202748,1,0,0,0,0
458,203268,0,1,0,0,0
459,204113,0,0,0,0,1
460,204993,0,1,0,0,0
461,205410,1,0,0,0,0
462,206476,0,1,0,0,0
463,206490,0,1,0,0,0
464,206500,0,1,0,0,0
465,206501,0,0,0,1,0
466,207120,0,1,0,0,0
467,207919,0,1,0,0,0
468,208614,0,1,0,0,0
469,209631,0,1,0,0,0
470,210418,0,1,0,0,0
471,210723,0,1,0,0,0
472,211145,0,1,0,0,0
473,211802,1,0,0,0,0
474,211878,1,0,0,0,0
475,212686,0,1,0,0,0
476,213327,0,1,0,0,0
477,213334,0,1,0,0,0
478,213338,0,1,0,0,0
479,214341,0,1,0,0,0
480,215392,0,1,0,0,0
481,217229,0,0,0,1,0
482,217941,0,1,0,0,0
483,218775,0,1,0,0,0
484,218787,0,0,0,1,0
485,219263,0,1,0,0,0
486,220008,0,1,0,0,0
487,220238,0,1,0,0,0
488,220261,0,1,0,0,0
489,220265,0,0,0,0,1
490,220880,0,0,1,0,0
491,220906,0,1,0,0,0
492,221735,1,1,0,0,0
493,222517,0,0,1,0,0
494,222518,0,1,0,0,0
495,222548,1,0,0,0,0
496,227972,0,1,0,0,0
497,229119,0,1,0,1,1
498,230804,0,1,0,0,0
499,233084,1,0,0,0,0
500,233127,1,0,0,0,0
501,234355,0,1,0,0,0
502,235923,0,1,1,0,0
503,236893,0,1,0,0,0
504,237123,1,0,0,0,0
505,238793,1,0,0,0,0
506,239195,0,0,0,0,1
507,240278,1,1,0,0,0
508,242949,0,1,0,0,0
509,243694,0,1,0,0,0
510,244365,0,1,0,0,0
511,244926,0,1,0,0,0
512,247729,0,1,0,0,0
513,247827,1,1,0,0,0
514,247874,0,1,0,0,0
515,247882,0,0,0,1,0
516,247902,0,1,0,0,0
517,249327,0,1,0,0,0
518,250141,1,1,0,0,0
519,251439,0,1,0,0,0
520,251497,0,0,0,0,1
521,254019,1,0,0,0,0
522,256278,0,1,0,0,0
523,257295,0,0,0,0,1
524,259141,0,1,0,0,0
525,260602,0,1,0,0,0
526,260615,1,0,0,0,0
527,262972,0,0,1,0,0
528,262985,1,0,0,0,0
529,264263,0,1,0,0,1
530,264700,1,0,0,0,0
531,266171,0,1,0,0,0
532,268094,0,1,1,0,0
533,270118,0,0,0,0,1
534,270761,1,0,0,0,0
535,270792,0,0,0,0,1
536,271894,0,0,0,1,0
537,274298,0,1,0,0,0
538,274988,1,0,0,0,0
539,275137,0,1,0,0,0
540,276656,0,0,0,0,1
541,278191,0,0,0,0,1
542,278238,0,1,0,0,0
543,278866,1,1,0,0,0
544,279550,0,0,0,0,1
545,279570,1,0,0,0,0
546,279600,1,0,0,0,0
547,280240,0,1,0,0,0
548,280249,0,1,0,0,0
549,281471,0,1,1,0,0
550,281524,0,0,1,0,0
551,283203,0,1,0,0,0
552,283205,0,1,0,0,0
553,283226,0,1,0,0,0
554,283754,0,1,0,0,0
555,285331,0,1,0,0,0
556,285333,0,1,0,0,0
557,285335,0,0,0,0,1
558,285351,1,0,0,0,0
559,285358,1,0,0,0,0
560,285368,0,0,1,0,0
561,286347,1,0,0,0,0
562,287285,0,1,0,0,0
563,287871,0,1,0,0,0
564,288937,1,0,0,0,0
565,289800,1,0,0,0,0
566,289832,0,1,0,0,0
567,290223,1,1,0,0,0
568,290966,0,1,0,0,0
569,290983,0,1,0,0,0
570,292414,1,0,0,0,0
571,292800,0,0,1,0,0
572,293731,0,1,0,0,0
573,294154,0,1,0,0,0
574,295080,0,1,0,0,0
575,295776,0,1,0,0,0
576,296319,1,0,0,0,0
577,296435,0,1,0,0,0
578,302447,1,0,0,0,0
579,303453,1,0,0,0,0
580,306370,0,0,0,0,1
581,306371,0,1,0,0,0
582,307427,0,1,0,0,0
583,309152,0,0,0,1,0
584,310443,1,0,0,0,0
585,312098,0,1,0,0,0
586,312109,0,1,0,0,0
587,312189,0,1,0,0,0
588,312258,0,1,0,0,0
589,313038,1,0,0,0,1
590,313043,0,1,0,0,0
591,315008,1,0,0,0,0
592,315064,0,1,0,0,0
593,315429,0,1,0,0,0
594,316975,0,1,0,0,0
595,318224,0,0,0,1,0
596,318233,0,1,0,0,0
597,318236,0,1,0,0,0
598,318252,0,0,1,0,0
599,318871,1,1,1,0,0
600,318898,0,1,0,0,0
601,318913,0,1,0,0,0
602,319930,1,0,0,0,0
603,319931,0,0,0,0,1
604,320000,0,1,0,0,0
605,320075,0,0,1,0,0
606,320970,1,0,0,0,0
607,324679,0,0,0,1,0
608,324864,0,0,1,0,0
609,324924,1,0,0,1,0
610,326672,1,0,0,0,0
611,327375,0,1,1,0,0
612,328733,0,1,0,0,0
613,328738,1,0,0,0,0
614,328739,1,1,0,0,0
615,328789,1,0,0,0,0
616,329824,0,0,0,0,1
617,329938,0,1,0,0,0
618,330251,1,0,0,0,0
619,331744,0,1,0,0,0
620,334874,0,1,0,0,0
621,337761,0,1,0,0,0
622,337762,0,1,0,0,0
623,338592,1,0,0,0,0
624,338616,0,0,0,0,1
625,338621,0,1,0,0,0
626,338639,1,0,0,0,0
627,339968,0,0,1,0,1
628,343314,0,1,0,0,0
629,344651,0,0,0,1,0
630,346314,0,1,0,0,0
631,346369,0,0,0,1,0
632,348894,1,0,0,0,1
633,353115,0,1,0,0,0
634,355096,0,0,0,0,1
635,358332,0,0,0,0,1
636,361140,0,1,0,0,0
637,361201,0,1,0,0,0
638,361227,0,0,0,0,1
639,361243,0,1,0,0,0
640,362153,0,0,0,0,1
641,362344,0,1,1,0,0
642,362355,0,0,1,0,1
643,362359,1,0,0,0,0
644,362372,1,0,0,0,0
645,362867,1,0,0,0,0
646,363307,0,0,0,0,1
647,364774,0,1,0,0,0
648,364779,0,0,0,0,1
649,364782,0,0,0,0,1
650,364806,0,0,0,1,0
651,364829,0,0,0,0,1
652,364843,0,1,0,0,0
653,364845,0,1,0,0,0
654,364863,1,1,0,0,0
655,366005,0,1,1,0,0
656,366848,1,0,0,0,0
657,367409,0,1,0,0,0
658,367413,0,1,0,0,0
659,367439,0,1,0,0,0
660,368504,0,1,0,0,0
661,368530,1,0,0,0,0
662,369117,0,0,0,0,1
663,369131,0,0,0,1,0
664,369171,0,1,0,0,0
665,369179,1,0,0,0,0
666,371475,0,0,1,0,0
667,373587,0,1,0,0,0
668,373732,0,1,0,0,0
669,374407,0,1,0,0,0
670,374419,0,1,1,0,0
671,374455,0,1,0,0,0
672,374460,0,1,0,0,0
673,375355,1,0,0,0,0
674,375466,0,1,0,0,0
675,376390,0,1,0,0,0
676,377024,0,0,0,0,1
677,377288,0,0,0,0,1
678,380105,0,1,0,0,1
679,380934,1,0,0,0,1
680,381733,1,0,0,0,0
681,382501,0,0,0,0,1
682,383126,0,0,0,1,1
683,383718,0,1,0,0,0
684,383795,0,0,0,1,0
685,384745,1,0,0,0,0
686,384746,0,0,0,0,1
687,384759,1,0,0,0,0
688,384766,1,1,0,0,0
689,385426,0,1,0,0,0
690,386180,0,0,0,0,1
691,386224,0,0,1,0,0
692,386950,0,0,0,1,0
693,386986,0,1,0,0,0
694,386993,0,1,0,0,0
695,387724,1,0,1,0,0
696,387763,1,0,0,0,0
697,388595,0,0,0,0,1
698,388629,0,1,0,0,0
699,388644,0,0,0,1,0
700,389644,0,1,0,0,0
701,389680,0,1,0,0,0
702,389701,0,0,0,1,0
703,390733,0,1,0,0,0
704,391666,1,0,0,0,0
705,391683,1,0,0,0,0
706,393009,0,0,0,0,1
707,395057,1,0,0,0,0
708,395413,0,0,1,0,0
709,395843,0,1,0,0,0
710,395891,0,0,0,0,1
711,397442,1,0,0,0,0
712,398417,0,1,0,0,0
713,400690,0,1,0,0,0
714,401747,0,1,0,0,0
715,401933,1,0,0,0,0
716,402471,1,0,0,0,0
717,402716,0,1,0,0,0
718,407362,0,1,0,0,0
719,408381,1,0,0,0,0
720,408409,0,0,0,1,1
721,409546,1,0,0,0,0
722,409591,0,1,0,0,0
723,409594,1,0,0,0,0
724,409608,0,0,0,0,1
725,410975,1,0,0,0,0
726,410997,1,0,0,0,0
727,411004,1,0,0,0,0
728,411027,0,0,0,0,1
729,411040,1,0,0,0,1
730,412137,0,0,0,0,1
731,413573,1,0,0,0,0
732,414731,1,0,1,0,0
733,414762,0,1,0,0,0
734,414766,1,0,0,0,0
735,415463,1,0,0,0,0
736,417299,0,1,0,0,0
737,417311,1,1,0,0,0
738,417373,0,1,0,0,0
739,419322,0,1,0,0,0
740,419348,0,1,0,0,0
741,421099,0,0,0,1,0
742,421357,0,1,0,0,0
743,421384,0,1,0,0,0
744,421463,0,1,0,0,0
745,421482,0,1,0,0,0
746,423642,0,0,0,0,1
747,423646,0,0,1,0,0
748,423652,0,0,0,0,1
749,423668,1,0,1,0,0
750,423731,0,1,0,0,0
751,423746,0,1,0,0,0
752,423776,0,0,0,0,1
753,424603,0,1,0,0,0
754,424627,0,0,0,0,1
755,426666,0,0,0,1,0
756,426719,0,1,0,0,0
757,426738,0,0,0,0,1
758,426741,1,0,0,0,0
759,429305,0,1,0,0,0
760,429318,0,0,0,0,1
761,429363,0,1,0,0,0
762,429434,0,0,0,1,0
763,429442,0,0,0,0,1
764,429466,0,0,0,1,0
765,434662,1,0,0,0,0
766,434665,0,1,0,0,0
767,434670,0,1,1,0,0
768,434685,0,1,1,0,0
769,434694,0,1,0,0,0
770,434735,1,0,0,0,0
771,435576,0,0,1,0,0
772,435937,0,0,1,0,0
773,435961,0,1,1,0,0
774,437005,0,0,0,0,1
775,437018,0,1,0,0,0
776,437696,0,0,0,1,1
777,437741,0,0,0,0,1
778,439341,1,0,0,0,0
779,439879,1,0,0,0,0
780,440988,0,1,0,0,0
781,441718,0,0,0,0,1
782,441924,1,0,0,0,0
783,442633,0,0,0,1,0
784,443370,0,0,0,0,1
785,443418,0,1,0,0,0
786,445890,0,0,0,1,1
787,445912,0,1,0,0,1
788,446241,0,1,0,0,0
789,446622,0,0,0,1,1
790,446809,0,0,0,1,1
791,448190,0,0,1,0,0
792,450897,0,0,0,0,1
793,450920,0,0,0,1,0
794,451469,0,1,0,0,0
795,452568,1,0,0,0,0
796,454349,0,1,0,0,0
797,454370,1,0,0,0,0
798,455275,0,1,0,0,0
799,457544,0,0,0,0,1
800,458122,0,1,0,0,0
801,458259,0,0,0,0,1
802,458290,0,1,0,0,0
803,460084,0,1,0,0,0
804,460624,1,0,0,0,0
805,460625,1,0,0,0,1
806,460627,1,0,0,0,0
807,460649,1,0,0,0,0
808,460651,1,0,1,0,0
809,460654,1,0,0,0,0
810,460665,0,0,1,0,0
811,460681,0,0,1,0,0
812,460686,0,1,0,0,0
813,460690,0,1,0,0,0
814,460692,1,0,0,0,0
815,460693,1,0,0,0,0
816,461622,0,0,0,0,1
817,461727,0,0,0,0,1
818,462133,0,0,0,1,0
819,462139,1,0,0,0,0
820,463398,0,0,0,0,1
821,463399,0,0,0,1,0
822,464625,1,0,0,0,0
823,465774,0,1,0,0,0
824,468424,1,0,0,0,1
825,468618,1,0,0,0,0
826,468996,0,0,0,0,1
827,469008,1,1,0,0,0
828,472014,0,0,0,1,1
829,472023,0,0,0,0,1
830,475464,0,1,0,0,0
831,475900,0,0,0,0,1
832,476041,0,0,0,0,1
833,476042,0,1,0,0,0
834,476916,0,0,0,0,1
835,477217,1,0,0,0,0
836,477524,1,0,0,0,0
837,477543,1,1,0,0,0
838,478073,0,1,1,0,0
839,478079,1,0,0,0,0
840,478838,1,0,0,0,0
841,481256,0,1,0,0,0
842,482424,0,1,0,0,0
843,482855,0,1,1,0,0
844,482870,0,1,0,0,0
845,484082,1,0,0,0,0
846,484243,0,0,1,1,0
847,485069,0,1,0,0,0
848,485301,0,1,0,0,0
849,486171,0,1,0,0,0
850,487189,1,0,0,0,0
851,488262,1,0,0,0,1
852,488477,1,0,1,0,0
853,489597,1,0,0,0,0
854,489598,0,0,0,0,1
855,489902,1,0,0,0,0
856,490035,0,0,0,1,1
857,491560,0,0,1,0,0
858,492429,0,0,0,1,0
859,493334,0,1,0,0,0
860,493378,0,0,0,0,1
861,496356,1,0,0,0,0
862,497079,0,0,0,0,1
863,497294,0,0,0,0,1
864,497480,0,0,0,1,0
865,498443,1,0,0,0,0
866,498617,0,0,0,0,1
867,499168,1,1,0,0,0
868,756509,1,0,0,0,0
869,756573,1,0,0,0,0
870,756582,1,0,0,0,0
871,758790,1,0,0,0,0
872,759364,0,0,0,0,1
873,759475,1,0,0,0,0
874,760139,0,0,0,1,0
875,760437,0,1,0,0,0
876,765425,0,0,0,0,1
877,765491,1,0,0,0,0
878,765725,0,0,0,1,0
879,770521,0,1,0,0,0
880,770659,0,0,0,1,0
881,770762,0,0,1,0,0
882,772137,1,0,0,0,0
883,772139,0,0,1,0,0
884,772145,0,1,0,0,0
885,773264,1,0,0,0,0
886,774809,1,1,0,0,0
887,775372,0,1,0,0,0
888,780206,0,0,0,1,0
889,782374,0,0,0,0,1
890,784920,0,1,0,0,0
891,785036,0,0,0,0,1
892,787985,1,1,0,0,0
893,790557,0,0,0,0,1
894,790772,1,0,0,0,0
895,790820,1,0,0,0,0
896,791163,0,1,1,0,0
897,791205,0,1,0,0,0
898,791283,0,0,0,0,1
899,791615,0,0,0,1,0
900,795129,0,0,0,0,1
901,795256,1,1,0,0,0
902,796264,1,0,0,0,0
903,799862,0,1,0,0,0
904,801425,0,1,0,0,0
905,805448,0,1,0,0,0
906,805663,0,1,0,0,0
907,805664,1,0,0,0,0
908,805668,0,1,0,0,0
909,805669,1,0,0,0,0
910,805837,0,1,1,0,0
911,805906,1,0,0,0,0
912,807832,0,0,1,0,0
913,808013,1,0,1,0,0
914,808096,0,1,0,0,0
915,809497,1,0,0,0,0
916,809815,1,1,0,0,0
917,810705,1,0,0,0,0
918,810788,0,1,0,0,0
919,813808,0,1,0,0,0
920,813971,0,1,1,0,0
921,815063,0,0,0,0,1
922,816397,1,0,0,0,0
923,818149,0,0,0,0,1
924,820392,0,0,0,0,1
925,823333,0,1,1,0,0
926,830298,0,1,0,0,0
927,832330,0,1,0,0,0
928,835010,0,0,0,1,0
929,837143,0,1,0,0,0
930,842903,0,0,0,0,1
931,843195,1,0,0,0,0
932,844441,1,0,0,0,0
933,844653,0,1,0,0,0
934,845088,0,1,0,0,0
935,845738,0,0,1,0,0
936,846614,1,0,0,0,0
937,849236,0,0,1,0,0
938,851851,0,1,0,0,0
939,852863,0,1,0,0,0
940,855673,0,1,0,0,0
941,856348,1,1,0,0,0
942,857297,1,0,0,0,0
943,859592,1,0,0,0,0
944,862583,0,0,0,1,0
945,862593,0,1,0,0,0
946,862620,0,1,0,0,0
947,866432,0,1,0,0,0
948,867005,1,0,0,0,0
949,872301,1,0,0,0,0
950,875103,1,0,0,0,0
951,877105,0,1,0,0,0
952,878036,1,0,0,0,0
953,878230,0,1,1,0,0
954,878797,1,0,0,0,0
955,879688,0,1,0,0,0
956,880557,0,1,0,0,0
957,883625,1,0,0,0,0
958,883772,0,0,0,0,1
959,885435,0,0,0,0,1
960,885761,0,1,0,0,0
961,892700,0,1,0,0,0
962,892861,1,0,0,0,0
963,898266,1,0,0,0,0
964,898332,1,0,0,0,0
965,899258,0,1,1,0,0
966,906069,1,0,0,0,0
967,908454,1,0,0,0,0
968,914829,0,0,0,0,1
969,920448,0,1,0,0,0
970,925266,1,0,0,0,0
971,928093,1,0,0,0,0
972,928099,1,0,0,0,0
973,934814,0,1,0,0,0
974,940874,1,0,0,0,0
975,941372,0,0,0,0,1
976,943690,1,1,1,0,0
977,944947,0,1,0,0,0
978,946601,0,0,1,0,0
979,948103,0,1,0,0,0
980,948538,1,0,0,0,0
981,949686,0,1,0,0,0
982,952665,0,1,0,0,0
983,953916,0,1,0,0,0
984,955346,0,0,1,0,0
985,959086,0,1,0,0,0
986,962740,0,0,1,0,0
987,962826,0,1,0,0,0
988,963967,0,0,0,1,1
989,965393,1,0,0,0,1
990,965394,0,1,0,0,0
991,965546,1,0,0,0,0
992,972412,1,0,0,0,0
993,972534,1,0,0,0,0
994,972713,1,1,0,0,0
995,976192,0,1,0,0,0
996,978553,1,1,0,0,0
997,981456,0,1,0,0,0
998,983514,0,0,0,0,1
999,985285,0,0,1,0,0
1000,985344,0,1,1,0,0
1001,988818,0,1,0,0,0
1002,988820,1,0,0,0,0
1003,988824,0,1,0,0,0
1004,992966,1,0,0,0,0
1005,994314,0,1,0,0,0
1006,995941,0,1,1,0,0
1007,1000779,1,0,0,0,0
1008,10009170,0,1,0,0,0
1009,10011298,0,1,0,0,0
1010,1001482,1,0,0,0,0
1011,10036104,0,0,1,1,0
1012,10042058,1,0,0,0,0
1013,10042110,0,1,0,0,0
1014,10042186,0,0,1,0,0
1015,10044800,1,0,0,0,0
1016,10044952,0,0,0,0,1
1017,10050778,0,0,0,1,0
1018,10055734,1,0,0,0,0
1019,10062652,0,1,0,0,0
1020,10069398,1,0,0,0,0
1021,10078462,0,1,0,0,0
1022,10098620,1,0,0,0,0
1023,10101518,0,0,1,0,0
1024,10106108,0,1,0,0,0
1025,10110350,1,0,0,0,0
1026,10122474,1,0,0,0,0
1027,10133226,0,0,0,0,1
1028,10133318,1,0,0,0,0
1029,10140028,0,1,0,0,0
1030,1014786,0,0,0,0,1
1031,10148174,0,0,1,0,0
1032,10160592,1,0,0,0,0
1033,10166602,1,0,0,0,0
1034,10168312,0,1,0,0,0
1035,1018501,0,1,0,0,0
1036,10192576,1,0,0,0,0
1037,10196390,0,0,0,1,0
1038,1020109,0,0,0,1,0
1039,10207090,0,1,0,0,0
1040,1020913,0,0,0,0,1
1041,10220588,1,1,1,0,0
1042,10222764,0,0,0,1,0
1043,10230502,0,1,0,0,0
1044,10233448,0,1,0,0,0
1045,10241238,0,0,1,0,0
1046,1024167,0,0,0,0,1
1047,10243628,0,0,0,0,1
1048,10243692,0,0,0,1,0
1049,10253244,1,0,0,0,0
1050,10265158,1,0,0,0,0
1051,10266874,0,1,1,0,0
1052,1029248,0,1,0,0,0
1053,10293938,1,1,0,0,0
1054,10313176,0,0,1,0,0
1055,10319866,1,0,0,0,0
1056,10323338,0,1,0,0,0
1057,10324306,1,0,0,0,0
1058,10329024,1,0,0,0,0
1059,10329028,1,0,0,0,0
1060,10332508,0,1,1,0,0
1061,1034368,1,0,0,0,0
1062,10359446,0,0,0,1,0
1063,10361016,0,0,1,0,0
1064,10367990,0,1,0,0,0
1065,10369876,1,0,0,0,0
1066,10376904,0,0,0,1,0
1067,10380768,1,0,0,0,0
1068,10394706,0,1,1,0,0
1069,10394770,0,0,0,0,1
1070,10394844,1,0,0,0,0
1071,1039921,0,0,0,0,1
1072,1039922,0,0,0,1,1
1073,10404664,0,0,1,0,0
1074,10404698,0,0,1,0,0
1075,10406128,1,0,0,0,0
1076,10431290,1,1,0,0,0
1077,10436228,0,1,0,0,0
1078,1043813,0,1,0,0,0
1079,1043822,1,0,0,0,0
1080,10473306,0,0,1,0,0
1081,10478054,0,1,0,0,0
1082,10482560,0,1,0,0,0
1083,10483250,0,1,0,0,0
1084,10487072,0,0,1,0,1
1085,1051155,0,0,0,1,0
1086,10516352,1,0,0,0,0
1087,10540276,0,1,0,0,0
1088,10541088,0,0,0,1,1
1089,10544464,1,0,0,0,0
1090,10545250,0,1,0,0,0
1091,1055335,0,1,0,0,0
1092,10554898,0,1,1,0,0
1093,10562574,1,0,0,0,0
1094,10577736,0,1,0,0,0
1095,10580064,0,1,0,0,0
1096,10589968,0,0,1,0,1
1097,1059455,0,1,0,0,0
1098,1059475,0,1,0,0,0
1099,10611608,0,1,0,0,0
1100,10613844,0,0,1,0,0
1101,10619486,0,1,0,0,0
1102,10623550,0,1,0,0,0
1103,10641510,0,0,0,1,0
1104,1064899,0,1,0,0,0
1105,10651790,0,1,1,0,0
1106,10653784,1,0,0,0,0
1107,10656392,1,0,0,0,0
1108,10680606,0,1,0,0,0
1109,10681222,0,0,0,1,0
1110,10681670,0,0,0,1,0
1111,1068433,0,0,1,0,0
1112,1068912,0,0,0,1,1
1113,10689614,0,1,0,0,0
1114,1068993,1,0,0,0,0
1115,10691770,0,0,1,0,0
1116,10691888,0,1,0,0,0
1117,10714640,1,0,0,0,0
1118,10715148,0,0,0,1,0
1119,10726424,0,1,0,0,0
1120,10732794,0,1,0,0,0
1121,1074206,0,1,1,0,0
1122,1077744,1,0,0,0,0
1123,1078394,0,0,0,0,1
1124,10795574,1,0,0,0,0
1125,10795658,0,1,0,0,0
1126,10801534,0,0,0,1,0
1127,10808968,1,1,0,0,0
1128,10810430,0,0,0,1,0
1129,10826054,0,1,0,0,0
1130,10826064,1,0,0,0,0
1131,10826102,1,0,0,0,0
1132,10839422,1,0,0,0,0
1133,10846292,0,0,0,0,1
1134,1085074,0,1,0,0,0
1135,10850888,1,1,0,0,0
1136,10850932,1,0,0,0,0
1137,10857210,0,0,0,0,1
1138,10860278,1,0,0,0,0
1139,1086761,0,0,0,0,1
1140,10874298,1,0,0,0,0
1141,10875696,0,0,1,0,0
1142,10883660,0,1,0,0,0
1143,10888876,1,0,0,0,0
1144,10919420,0,1,0,0,0
1145,1092447,0,1,0,0,1
1146,10927414,0,1,0,0,0
1147,10937180,0,0,1,0,0
1148,10948294,0,0,0,1,0
1149,10971532,0,0,0,0,1
1150,10974198,0,1,0,0,0
1151,10982034,1,0,0,0,0
1152,11000902,0,1,0,0,0
1153,11006642,0,1,0,0,0
1154,11012086,0,0,1,0,1
1155,1103639,1,0,0,0,0
1156,1103968,0,1,0,0,0
1157,11041332,0,0,1,0,0
1158,11043632,1,0,0,0,0
1159,11048090,0,0,0,0,1
1160,1105170,1,0,0,0,1
1161,11051886,0,1,0,0,0
1162,1105711,0,0,1,1,0
1163,11063952,0,0,0,1,0
1164,11092142,1,0,0,0,0
1165,11093718,0,1,0,0,0
1166,1112285,0,0,1,0,0
1167,11126994,0,1,0,0,0
1168,1114705,0,0,0,0,1
1169,11147852,0,1,1,0,0
1170,1114855,0,1,0,0,0
1171,11168226,0,0,0,1,0
1172,1117544,1,0,0,0,0
1173,11187480,0,0,0,0,1
1174,1118804,1,0,0,0,0
1175,11188556,0,0,0,1,0
1176,1119176,0,1,0,0,0
1177,11192306,1,1,0,0,0
1178,11194508,0,0,0,0,1
1179,11214028,1,0,0,0,0
1180,1121628,0,1,0,0,0
1181,1122725,0,0,0,1,0
1182,11228748,1,0,0,0,0
1183,11232670,0,1,0,0,0
1184,11239552,1,0,0,0,0
1185,11242246,0,1,0,0,0
1186,1124348,0,0,0,1,1
1187,11247158,0,1,0,0,0
1188,11256614,1,1,0,0,0
1189,11262762,1,0,0,0,0
1190,11266702,0,1,0,0,0
1191,11269886,1,0,0,0,0
1192,1128052,0,1,0,0,0
1193,11285856,0,0,0,0,1
1194,11289784,0,0,0,0,1
1195,11290960,1,0,0,0,0
1196,11311302,1,1,0,0,0
1197,11313054,0,0,0,1,0
1198,1131750,0,1,0,0,0
1199,1132600,1,0,0,0,0
1200,11329280,1,0,0,0,0
1201,1134000,0,1,0,0,0
1202,11342986,1,1,0,0,0
1203,11347692,0,0,0,1,0
1204,11382554,0,0,0,0,1
1205,1138645,0,0,0,0,1
1206,11390530,0,0,0,1,0
1207,11400108,1,0,0,0,0
1208,11405390,0,1,0,0,0
1209,11418324,1,1,0,0,0
1210,11426660,0,0,0,1,0
1211,11428630,0,1,0,0,0
1212,1143289,1,0,0,0,0
1213,11448214,1,0,0,0,0
1214,1145872,0,0,0,0,1
1215,1146332,1,0,0,0,0
1216,11465278,0,1,0,0,0
1217,1147691,1,0,0,0,0
1218,1149608,1,0,0,0,0
1219,11497904,0,0,0,1,0
1220,11503082,1,1,0,0,0
1221,11525188,0,0,1,0,0
1222,11535086,1,0,0,0,0
1223,11536494,0,1,0,0,0
1224,11546816,1,0,0,0,0
1225,11546860,1,0,0,0,0
1226,11561206,0,0,0,1,1
1227,1156535,0,0,0,0,1
1228,1158671,1,0,0,0,0
1229,11595706,1,0,0,0,0
1230,11612120,0,0,1,0,0
1231,1161669,1,1,0,0,0
1232,1161684,1,0,0,0,0
1233,11621710,0,1,0,0,0
1234,1162451,1,0,0,0,0
1235,1163129,0,1,0,0,0
1236,11640208,1,0,0,0,0
1237,11646658,1,0,0,0,0
1238,11666848,0,0,0,0,1
1239,1166709,0,0,0,0,1
1240,1166919,0,0,0,0,1
1241,11680468,0,1,0,0,0
1242,11691684,1,0,0,0,0
1243,11698590,0,1,0,0,0
1244,1170243,0,0,0,1,0
1245,11704040,1,0,0,0,1
1246,1170858,0,0,0,0,1
1247,11725706,1,0,0,0,0
1248,1173427,0,1,0,0,0
1249,11755260,0,1,0,0,0
1250,11764000,0,1,0,0,0
1251,1178180,0,0,1,0,0
1252,1178522,1,0,0,0,0
1253,1179817,1,0,0,0,0
1254,11808942,1,0,0,0,0
1255,1181917,0,1,0,0,0
1256,11820524,1,0,0,0,0
1257,11823076,0,0,0,1,0
1258,11823088,0,0,0,0,1
1259,11829316,0,0,1,0,0
1260,1183865,0,1,0,0,0
1261,11852724,0,0,0,1,1
1262,11854694,0,1,0,0,0
1263,11859542,0,1,0,0,0
1264,11875316,0,1,0,0,0
1265,1189346,0,1,0,0,0
1266,11904786,1,0,0,1,1
1267,1190634,0,1,0,0,0
1268,1191056,0,0,0,0,1
1269,1192169,0,1,0,0,0
1270,11947264,0,1,0,0,0
1271,1195419,0,0,0,1,1
1272,11958610,0,1,0,0,0
1273,11958648,0,0,0,1,0
1274,1196094,0,1,0,0,0
1275,11963042,0,0,0,1,0
1276,1197649,0,0,0,1,1
1277,1198300,0,0,0,0,1
1278,11988478,0,1,0,0,0
1279,11989426,1,0,0,0,0
1280,12004280,1,0,0,0,1
1281,1202625,0,1,0,0,0
1282,12027008,0,0,0,1,0
1283,12042964,1,0,0,0,0
1284,12048276,1,0,0,0,0
1285,12052892,0,1,1,0,0
1286,12057106,0,1,0,0,0
1287,1209393,1,1,1,0,0
1288,1210339,1,0,0,0,0
1289,1213218,0,1,0,0,0
1290,1214085,0,1,1,0,0
1291,1214373,1,0,0,0,0
1292,1216222,1,1,0,0,0
1293,12162902,0,0,0,1,0
1294,1217208,0,1,0,0,0
1295,1217239,0,1,0,0,0
1296,1217518,1,0,0,0,0
1297,1219024,1,0,0,0,0
1298,12190580,0,0,0,1,0
1299,12200714,0,0,0,0,1
1300,12204810,0,1,0,0,0
1301,12222224,0,1,0,0,0
1302,12227418,0,1,0,0,0
1303,12235718,0,0,1,0,0
1304,1224144,0,1,0,0,0
1305,12245638,0,0,1,0,0
1306,1225901,1,0,0,0,0
1307,12286434,0,0,1,0,0
1308,12299732,0,0,1,0,0
1309,12306692,0,0,1,0,0
1310,12311976,1,0,0,0,0
1311,12313914,0,0,1,0,0
1312,1232320,0,0,1,0,0
1313,1233119,0,1,0,0,0
1314,12331342,0,1,0,0,0
1315,12343534,0,1,0,0,0
1316,1236246,0,1,0,0,0
1317,12370124,0,0,0,0,1
1318,12392458,0,1,0,0,0
1319,12392470,0,1,0,0,0
1320,12409154,0,0,0,1,0
1321,12411074,0,0,1,0,0
1322,12423408,0,1,0,0,0
1323,12439466,1,0,0,0,0
1324,12451520,1,0,0,0,0
1325,12453442,1,0,0,0,0
1326,1245565,1,0,0,0,0
1327,12458172,1,1,0,0,0
1328,1245872,0,0,0,0,1
1329,12464182,1,0,0,0,0
1330,12466076,1,0,0,0,0
1331,1248967,0,0,0,1,0
1332,12502782,0,1,0,0,0
1333,12508898,1,0,0,0,0
1334,12516712,1,1,0,0,0
1335,1252370,0,0,0,0,1
1336,1252374,1,0,0,0,0
1337,12526224,0,1,1,0,0
1338,12546678,0,0,0,1,0
1339,12562262,1,1,0,0,0
1340,12564744,0,0,0,0,1
1341,12567074,1,0,0,0,0
1342,12572870,0,1,0,0,0
1343,12580168,1,0,0,1,1
1344,12635162,1,0,0,0,0
1345,1267295,0,1,0,0,0
1346,12701270,0,1,0,0,0
1347,12708542,0,1,0,0,0
1348,12711158,0,0,0,1,0
1349,12719250,1,0,0,0,0
1350,12728856,1,1,0,0,0
1351,12735946,0,1,0,0,0
1352,12742136,0,0,0,1,0
1353,12745644,0,0,0,1,0
1354,12749392,0,1,0,0,0
1355,12753390,0,1,0,0,0
1356,12753692,0,0,0,1,0
1357,12753698,0,0,0,1,0
1358,12754910,0,0,0,1,0
1359,12759334,0,0,0,1,0
1360,12759384,0,0,0,1,0
1361,1279024,1,0,0,0,0
1362,12809988,0,1,0,0,0
1363,1281313,0,1,0,0,0
1364,1281973,0,0,0,0,1
1365,12824922,0,0,0,1,1
1366,12846096,1,0,0,0,0
1367,12850322,1,0,0,0,0
1368,12858840,0,1,0,0,0
1369,1286677,1,0,0,0,0
1370,12867810,1,0,0,0,0
1371,12879418,1,0,1,0,0
1372,12885610,0,1,0,0,0
1373,1289763,1,0,0,0,0
1374,12897880,1,0,0,0,0
1375,12913686,0,1,0,0,0
1376,1291662,0,1,0,0,0
1377,12923630,0,0,0,1,0
1378,12923714,0,0,0,0,1
1379,1292967,0,0,0,0,1
1380,12930602,0,0,0,1,0
1381,1293316,1,0,0,0,0
1382,12938472,0,0,0,0,1
1383,12940504,0,1,0,0,0
1384,1294955,0,0,0,0,1
1385,12951874,1,0,0,0,0
1386,1298820,1,0,0,0,0
1387,1299440,0,1,0,0,0
1388,1299897,0,1,0,0,0
1389,13007904,0,0,0,1,0
1390,13008036,0,0,0,1,0
1391,13024974,0,1,0,0,0
1392,13044528,0,1,0,0,0
1393,1304612,0,1,0,0,0
1394,1305562,0,0,1,0,0
1395,1305826,0,1,0,0,0
1396,1307083,0,0,0,1,1
1397,1307224,0,1,0,0,0
1398,1308089,1,1,0,0,0
1399,13085534,1,0,0,0,0
1400,13085546,0,1,0,0,0
1401,13087512,0,0,0,1,0
1402,13103134,1,0,0,0,0
1403,1312171,0,1,0,0,0
1404,13137346,0,1,0,0,0
1405,13146488,0,1,0,0,0
1406,13155198,0,1,0,0,0
1407,13161310,0,0,0,0,1
1408,1316554,0,1,1,0,0
1409,13167196,0,1,0,0,0
1410,13173144,0,1,1,0,0
1411,13175494,0,0,0,1,0
1412,13186542,0,1,1,0,0
1413,1319260,0,0,0,1,0
1414,13196080,0,1,0,0,0
1415,1319636,0,1,0,0,0
1416,13198632,1,0,0,0,0
1417,1319900,0,0,0,1,1
1418,1320363,0,0,0,1,0
1419,13229964,0,1,0,0,0
1420,13231962,0,0,1,0,0
1421,13248076,0,1,0,0,0
1422,13271834,1,0,0,0,0
1423,13273826,0,1,1,0,0
1424,13274038,1,0,0,0,0
1425,13278100,0,1,0,0,0
1426,1329291,0,0,0,0,1
1427,1329466,1,0,0,0,0
1428,13304700,1,0,0,0,0
1429,13322938,1,0,0,0,0
1430,13323004,0,0,1,0,0
1431,1334722,0,1,0,0,0
1432,13352232,0,1,1,0,0
1433,13357124,0,1,0,0,0
1434,13357140,0,1,0,0,0
1435,13365348,0,0,1,0,0
1436,13368190,0,0,0,0,1
1437,13368804,1,0,0,0,0
1438,13370404,1,1,0,0,0
1439,1339238,1,1,0,0,0
1440,13400006,1,0,0,0,0
1441,1342711,0,0,0,0,1
1442,1344970,0,0,0,0,1
1443,13452100,1,0,0,1,1
1444,1346006,0,0,0,0,1
1445,1346198,1,1,1,0,0
1446,13464340,0,0,0,1,0
1447,13464516,0,0,0,0,1
1448,13464740,0,0,0,0,1
1449,1347975,0,1,0,0,0
1450,1349938,0,0,1,0,0
1451,1352421,0,0,1,0,0
1452,13524842,1,0,0,0,0
1453,13528822,1,0,0,0,0
1454,13529854,1,0,0,0,0
1455,1353056,0,0,0,0,1
1456,1353281,0,0,0,0,1
1457,13534870,1,0,0,0,0
1458,1355642,0,1,0,0,0
1459,13557628,0,1,0,0,0
1460,13562418,0,1,0,0,0
1461,13583468,1,0,0,0,0
1462,13592218,1,0,0,0,0
1463,13617060,0,0,0,1,0
1464,13622982,0,1,0,0,0
1465,13623992,0,0,0,1,0
1466,13624900,0,1,0,0,0
1467,13628688,1,0,0,0,0
1468,13634792,0,1,0,0,0
1469,13635348,0,1,0,0,0
1470,1364951,0,0,0,0,1
1471,13649692,0,0,0,1,1
1472,1365047,0,0,0,1,0
1473,13650480,0,1,0,0,0
1474,13657062,1,0,0,0,0
1475,13660288,1,0,0,0,0
1476,13660780,1,0,0,0,0
1477,13660938,1,0,0,0,0
1478,13660962,0,0,0,0,1
1479,13661118,0,1,0,0,0
1480,13668894,0,1,0,0,0
1481,13669128,1,0,0,0,0
1482,13676300,0,1,0,0,0
1483,13676344,0,1,0,0,0
1484,1370334,1,0,0,0,0
1485,13715448,0,1,0,0,0
1486,13718450,0,1,0,0,0
1487,13759970,0,1,0,0,0
1488,13767550,1,0,0,0,0
1489,13774526,1,0,0,0,0
1490,13777028,1,0,0,0,0
1491,1378167,0,1,0,0,0
1492,13789092,0,0,0,1,0
1493,1381020,1,0,0,0,0
1494,13831266,0,0,1,0,0
1495,13850952,0,0,0,1,0
1496,13851958,0,1,0,0,0
1497,13857476,1,0,0,0,0
1498,1388589,0,1,0,0,0
1499,1388782,1,0,0,0,0
1500,13890060,0,0,0,1,1
1501,13899566,0,1,0,0,0
1502,13923092,0,1,0,0,0
1503,13929916,0,0,0,0,1
1504,13937912,1,0,0,0,0
1505,13956560,1,0,0,0,0
1506,1399045,0,1,0,0,0
1507,14019016,0,0,0,1,0
1508,1405169,0,0,0,1,0
1509,1405406,1,0,1,0,0
1510,14057360,0,0,0,1,0
1511,14061838,0,1,0,0,0
1512,1406662,0,1,0,0,0
1513,14069590,0,1,0,0,0
1514,1408430,0,0,0,1,0
1515,1409055,0,1,0,0,0
1516,1409056,0,0,0,0,1
1517,14094206,0,0,0,1,0
1518,14111834,0,0,1,0,0
1519,1411598,0,0,0,0,1
1520,14126234,0,0,0,1,0
1521,1414349,0,1,0,0,1
1522,14148898,0,0,0,0,1
1523,1415054,1,1,0,0,0
1524,14153686,1,0,0,0,0
1525,14163838,1,0,0,0,0
1526,14169960,0,1,1,0,0
1527,14192040,0,0,0,0,1
1528,14192814,0,0,1,0,0
1529,1421511,1,0,0,0,0
1530,14218674,0,1,0,0,0
1531,1424037,1,1,0,0,0
1532,14240568,0,1,0,0,0
1533,14271890,0,0,1,0,0
1534,14272628,0,1,0,0,0
1535,1427816,0,0,0,0,1
1536,1428614,0,1,0,0,0
1537,1429449,1,1,0,0,0
1538,1433058,0,0,0,1,0
1539,1433870,0,0,0,0,1
1540,14344266,0,1,0,0,0
1541,14369056,1,0,0,0,0
1542,1439741,0,1,0,0,0
1543,14398500,0,0,0,0,1
1544,14408016,1,0,0,0,0
1545,1441096,1,0,0,0,0
1546,1441109,1,0,0,0,0
1547,14411808,1,0,0,0,0
1548,1442065,1,1,0,0,0
1549,1442070,0,0,0,0,1
1550,1442437,1,0,0,0,0
1551,1442449,1,1,0,0,0
1552,1442550,0,0,0,0,1
1553,1442553,0,0,0,0,1
1554,1444382,0,0,0,0,1
1555,14452228,1,0,0,0,0
1556,14473896,0,1,0,0,0
1557,1448226,1,0,0,0,0
1558,14518284,1,0,0,0,0
1559,14518610,1,0,0,0,0
1560,14518756,1,0,0,0,0
1561,14527650,0,0,0,0,1
1562,1453090,1,0,0,0,1
1563,14544732,0,0,0,1,0
1564,1454730,0,0,0,0,1
1565,14596414,1,0,0,0,0
1566,14596630,1,0,0,0,0
1567,14599622,0,0,0,1,0
1568,14609428,1,0,0,0,0
1569,1462059,0,1,0,0,0
1570,14626352,1,0,0,0,0
1571,14641098,0,0,1,0,0
1572,14664414,1,0,0,0,0
1573,1468284,1,0,0,0,0
1574,14687200,1,0,0,0,0
1575,14691382,0,0,0,0,1
1576,1470018,0,0,0,0,1
1577,14733466,1,0,0,0,0
1578,14734228,1,0,0,0,0
1579,14759406,1,0,0,0,0
1580,1476750,0,0,0,1,0
1581,1476894,0,0,0,0,1
1582,1478022,1,0,0,0,0
1583,1480925,1,1,0,0,0
1584,14814006,1,0,0,0,0
1585,14820482,0,1,0,0,0
1586,14832996,0,0,0,1,0
1587,1486217,0,1,0,0,0
1588,14865290,0,0,0,1,0
1589,1489428,0,1,0,0,0
1590,1491299,0,0,0,0,1
1591,14916746,1,0,0,0,1
1592,1492088,0,0,0,0,1
1593,1492179,0,1,0,0,0
1594,14935960,0,1,0,0,0
1595,1494829,0,1,0,0,0
1596,1495708,0,1,0,0,0
1597,1497563,0,0,0,1,0
1598,14976292,0,1,0,0,0
1599,14979052,0,1,1,0,0
1600,14992232,0,0,0,1,0
1601,15012366,0,1,0,0,0
1602,15026724,1,0,0,0,0
1603,15036422,0,0,0,0,1
1604,1504166,1,0,0,0,0
1605,15087526,0,1,0,0,0
1606,15096498,1,1,0,0,0
1607,1513168,0,0,0,1,0
1608,15134202,0,1,0,0,0
1609,15146202,1,1,0,0,0
1610,15157576,1,0,0,0,0
1611,1515996,0,1,0,0,0
1612,15172154,0,0,0,0,1
1613,1519931,0,0,1,0,0
1614,1520211,0,0,1,0,0
1615,15213278,0,0,0,1,0
1616,15218050,1,0,0,0,0
1617,1524415,1,0,0,0,0
1618,15257704,0,0,0,0,1
1619,1528406,0,1,0,0,0
1620,1528567,1,1,0,0,0
1621,15295490,1,0,0,0,0
1622,1534184,1,1,0,0,0
1623,1536735,0,0,0,1,0
1624,1538145,0,0,0,0,1
1625,15402912,0,0,0,1,0
1626,15431326,0,0,0,0,1
1627,1545214,0,1,0,0,0
1628,15459278,0,0,0,1,1
1629,1547606,1,0,0,0,0
1630,1548850,1,0,0,0,0
1631,15494864,0,0,0,0,1
1632,1549918,0,0,0,1,0
1633,1551948,1,0,0,0,0
1634,1552112,0,1,0,0,0
1635,1558128,0,0,1,0,0
1636,1561756,0,0,0,0,1
1637,1563069,1,0,0,0,1
1638,1563280,0,0,0,1,0
1639,1565810,0,1,0,0,0
1640,1566154,0,0,0,0,1
1641,1567254,0,1,0,0,0
1642,1567432,1,1,0,0,0
1643,15677070,0,0,0,1,0
1644,1568769,0,1,0,0,0
1645,15697242,0,0,0,0,1
1646,1569972,0,0,0,0,1
1647,1570957,0,0,0,0,1
1648,15723914,0,0,0,1,0
1649,1572498,0,0,0,1,0
1650,15765670,1,0,0,0,0
1651,1578258,0,1,0,0,0
1652,1578873,1,0,0,0,0
1653,1580811,1,1,0,0,0
1654,1582454,1,0,0,0,0
1655,1582457,1,0,0,0,0
1656,1582458,0,1,0,0,0
1657,1582461,0,0,0,0,1
1658,1587394,1,0,0,0,0
1659,1587678,1,0,0,0,0
1660,1587694,0,1,0,0,0
1661,1587934,0,1,0,0,0
1662,1588754,0,0,0,0,1
1663,1591468,0,1,0,0,0
1664,1591493,0,1,0,0,0
1665,1592154,0,1,0,0,0
1666,1592812,1,0,0,0,0
1667,1593823,0,1,0,0,0
1668,1595680,0,0,1,0,0
1669,1595856,1,0,0,0,0
1670,1596786,0,0,0,1,1
1671,1597420,1,0,0,0,0
1672,1600194,0,1,0,0,0
1673,1600757,0,1,0,0,0
1674,1601141,0,1,0,0,0
1675,1604099,1,0,0,0,0
1676,1606375,1,0,0,0,0
1677,1608383,0,1,0,0,0
1678,1615676,0,0,0,0,1
1679,1615925,0,1,0,0,0
1680,1618952,1,0,0,0,0
1681,1620950,0,1,0,0,0
1682,1621748,0,0,1,0,0
1683,1622696,0,1,0,0,0
1684,1626038,0,1,0,0,0
1685,1628033,0,0,0,0,1
1686,16283666,0,0,0,0,1
1687,1629348,0,1,0,0,0
1688,1634208,1,0,0,0,0
1689,16350094,0,1,0,0,0
1690,1636691,0,1,0,0,0
1691,1638319,1,0,1,0,0
1692,16385150,0,0,0,0,1
1693,1639109,0,1,0,0,0
1694,16401516,0,0,0,1,0
1695,16409108,0,0,0,0,1
1696,1641384,1,1,0,0,0
1697,1643266,0,0,0,1,0
1698,16477402,0,0,0,1,0
1699,1650552,1,0,0,0,0
1700,1653313,0,0,1,0,0
1701,16549788,0,1,0,0,0
1702,1655610,1,0,0,0,0
1703,1657505,1,0,0,0,0
1704,1659175,0,1,0,0,0
1705,1660055,0,0,1,0,0
1706,1663641,0,0,0,0,1
1707,1663676,1,0,0,0,0
1708,1666209,1,0,0,0,0
1709,1666217,1,0,0,0,0
1710,1666278,0,1,0,0,0
1711,1673441,0,0,0,0,1
1712,1674417,0,0,0,0,1
1713,1674928,0,1,0,0,0
1714,1679482,0,0,1,0,0
1715,1684910,1,0,0,0,0
1716,1685401,1,1,1,0,0
1717,1688612,1,0,0,0,0
1718,1688779,0,0,0,1,0
1719,1690621,0,0,0,1,0
1720,1694423,0,0,0,0,1
1721,1695353,0,0,0,0,1
1722,1695360,0,1,0,0,0
1723,1696969,0,1,0,0,0
1724,1697033,0,1,0,0,0
1725,16975352,1,0,0,0,0
1726,1702042,0,0,0,1,1
1727,1703874,0,1,0,0,0
1728,1704503,0,1,0,0,0
1729,1704637,0,1,0,0,0
1730,1705038,0,1,0,0,0
1731,1707374,0,0,0,0,1
1732,1707807,0,1,0,0,0
1733,1709198,0,1,0,0,0
1734,1710308,0,1,0,0,0
1735,1710310,0,1,0,0,0
1736,1713938,0,1,0,0,0
1737,1720601,0,0,0,0,1
1738,1721666,0,0,0,0,1
1739,1722512,0,1,0,0,0
1740,1723760,1,0,0,0,0
1741,1724587,0,1,0,0,0
1742,1727434,0,1,1,0,0
1743,1727444,0,1,0,0,0
1744,1728102,0,1,0,0,0
1745,1728860,0,1,0,0,0
1746,1734135,0,1,0,0,0
1747,1737565,0,0,0,0,1
1748,1738419,1,0,0,0,0
1749,1742340,0,0,0,0,1
1750,1743990,0,0,0,1,0
1751,1745240,1,0,0,0,0
1752,1746428,0,1,0,0,0
1753,1747551,0,1,0,0,1
1754,1751305,1,0,0,0,0
1755,17513352,1,0,0,0,0
1756,1756927,0,0,0,0,1
1757,1757202,1,1,0,0,0
1758,1758589,1,0,0,0,0
1759,1758772,1,0,0,0,0
1760,1760943,0,1,0,0,0
1761,1765510,0,1,1,0,0
1762,1765622,0,1,0,0,0
1763,1767256,1,0,0,0,0
1764,1771742,0,0,0,0,1
1765,1772685,1,0,0,0,0
1766,1773182,0,0,0,0,1
1767,1780262,1,1,0,0,0
1768,1783916,1,0,0,0,0
1769,1784141,1,0,0,0,0
1770,1785123,0,0,0,0,1
1771,1786203,0,0,0,0,1
1772,1799631,0,1,1,0,0
1773,1800864,0,0,0,0,1
1774,1807165,0,1,0,0,0
1775,1807824,0,1,0,0,0
1776,1809014,0,0,0,1,1
1777,1812523,0,1,0,0,0
1778,1816993,0,0,0,0,1
1779,1820166,0,0,0,0,1
1780,1821220,0,0,0,1,1
1781,1821877,1,0,0,0,1
1782,1821879,0,0,0,0,1
1783,1822448,0,0,1,0,0
1784,1825375,0,1,0,0,0
1785,1826071,1,0,0,0,0
1786,1826805,1,0,0,0,0
1787,1826940,1,0,0,0,0
1788,1827163,0,0,0,0,1
1789,1827882,0,0,0,0,1
1790,1828246,0,1,0,0,0
1791,1830238,0,0,1,0,0
1792,1830491,1,0,0,0,0
1793,1830617,0,0,1,0,0
1794,1830622,1,0,0,0,0
1795,1831164,1,0,0,0,0
1796,1832668,0,0,0,1,0
1797,1832979,1,0,0,0,0
1798,1833558,0,0,0,0,1
1799,1835129,0,0,1,0,0
1800,1836037,0,1,0,0,0
1801,1836195,0,1,1,0,0
1802,1837654,1,0,1,0,0
1803,1839578,0,1,0,0,0
1804,1841108,1,0,0,0,0
1805,1841204,0,0,0,0,1
1806,1841321,1,0,0,0,0
1807,1842127,0,1,0,0,0
1808,1843230,1,0,0,0,0
1809,1843894,0,0,0,1,0
1810,1844624,0,0,1,0,0
1811,1846197,1,0,0,0,0
1812,1848220,1,0,0,0,0
1813,1849622,0,0,0,0,1
1814,1851040,0,1,0,0,0
1815,1857425,0,1,0,0,0
1816,1863526,0,0,0,0,1
1817,1864750,1,0,0,0,0
1818,1865718,0,1,1,0,0
1819,1865740,0,0,0,0,1
1820,1866426,0,1,0,0,0
1821,1870949,0,1,0,0,0
1822,1871731,0,1,0,0,0
1823,1872328,1,0,0,0,0
1824,1874066,0,0,1,1,0
1825,1877005,0,0,0,0,1
1826,1877010,0,0,0,0,1
1827,1877368,0,0,0,0,1
1828,1877889,0,1,0,0,0
1829,1879599,0,0,0,0,1
1830,1879713,0,0,0,0,1
1831,1880898,1,0,0,0,0
1832,1882240,0,1,0,0,0
1833,1883671,0,0,0,0,1
1834,1885102,0,1,0,0,0
1835,1885304,0,0,1,0,0
1836,1890725,0,1,1,0,0
1837,1907374,1,0,0,0,0
1838,1909015,0,1,0,0,0
1839,1909447,0,1,1,0,0
1840,1909463,1,1,0,0,0
1841,1910272,1,0,0,0,0
1842,1913273,1,0,0,0,0
1843,1921518,0,0,0,0,1
1844,1929675,1,1,0,0,0
1845,1933073,0,0,0,0,1
1846,1933854,0,0,0,1,1
1847,1934673,0,0,0,1,0
1848,1935066,1,0,0,0,0
1849,1936532,0,1,0,0,0
1850,1941928,0,1,0,0,0
1851,1942919,1,0,0,0,0
1852,1943524,1,0,0,0,0
1853,1948830,0,0,0,1,0
1854,1949012,0,1,0,0,0
1855,1954347,0,1,0,0,0
1856,1960255,1,0,0,0,1
1857,1970923,0,0,0,0,1
1858,1971245,0,0,0,0,1
1859,1978940,0,0,0,1,0
1860,1979918,0,1,0,0,0
1861,1981558,0,1,0,0,0
1862,1982229,1,1,0,0,0
1863,1986770,1,0,0,0,0
1864,1991410,0,0,0,0,1
1865,1991564,0,1,0,0,0
1866,1992744,0,1,0,0,0
1867,1996607,1,0,0,0,0
1868,1997999,0,0,0,0,1
1869,1999525,0,0,0,1,0
1870,2006374,0,1,0,0,0
1871,2006848,1,0,0,0,0
1872,2008252,1,0,0,0,0
1873,2010806,0,0,0,1,0
1874,2012511,0,0,1,0,1
1875,2016670,0,0,1,0,0
1876,2017109,0,1,0,0,0
1877,2022190,0,0,1,0,0
1878,2051178,0,1,0,0,0
1879,2056366,1,0,0,0,0
1880,2069441,1,1,0,0,0
1881,2069449,0,1,0,0,0
1882,2070791,1,1,0,0,0
1883,2071645,0,0,1,0,0
1884,2074131,1,0,0,0,0
1885,2076566,0,0,0,1,0
1886,2076610,0,0,0,0,1
1887,2078690,0,0,0,1,1
1888,2083701,0,0,0,0,1
1889,2084712,1,0,0,0,0
1890,2087571,1,0,0,0,0
1891,2094262,1,0,0,0,0
1892,2096097,1,0,0,0,0
1893,2098220,0,1,0,0,0
1894,2100976,0,0,0,0,1
1895,2104664,0,0,1,0,0
1896,2114184,0,1,0,0,0
1897,2122656,1,1,0,0,0
1898,2125638,0,0,0,0,1
1899,2128103,0,0,0,0,1
1900,2128211,0,0,0,0,1
1901,2129304,0,0,0,0,1
1902,2131368,0,0,0,1,0
1903,2134343,1,0,0,0,0
1904,2136396,0,0,0,1,1
1905,2137109,1,0,0,0,0
1906,2147632,0,0,0,0,1
1907,2147999,0,1,0,0,0
1908,2152112,0,0,0,0,1
1909,2152368,0,1,0,0,0
1910,2155025,1,0,0,0,0
1911,2160915,1,0,0,0,0
1912,2169245,0,0,0,1,0
1913,2170584,1,1,0,0,0
1914,2171665,1,0,0,0,0
1915,2172103,0,1,0,0,0
1916,2174367,0,0,0,0,1
1917,2176165,0,0,1,0,0
1918,2177461,1,0,0,0,0
1919,2177489,1,0,0,0,0
1920,2182229,1,0,0,0,0
1921,2182427,0,0,0,0,1
1922,2185037,0,0,0,0,1
1923,2185220,1,0,0,0,0
1924,2188671,0,0,1,0,0
1925,2188931,0,1,0,0,0
1926,2189221,0,1,0,0,0
1927,2189461,0,1,0,0,0
1928,2191746,1,0,0,0,0
1929,2191991,0,0,0,0,1
1930,2193021,0,1,0,0,0
1931,2193041,1,0,1,0,0
1932,2193053,0,0,1,0,0
1933,2197797,0,0,1,0,0
1934,2202488,0,0,0,0,1
1935,2207861,1,0,0,0,0
1936,2211065,0,0,0,1,0
1937,2216156,1,0,0,0,0
1938,2229907,0,0,0,0,1
1939,2230051,1,1,0,0,0
1940,2235942,0,0,0,0,1
1941,2236126,0,1,0,0,0
1942,2240991,0,1,0,0,0
1943,2242025,0,0,0,0,1
1944,2243973,0,0,1,0,0
1945,2245029,1,0,0,0,0
1946,2248977,1,0,0,0,0
1947,2250034,1,0,0,0,0
1948,2250160,1,1,0,0,0
1949,2250192,1,1,0,0,0
1950,2255085,1,0,0,0,0
1951,2259737,0,1,0,0,0
1952,2261227,0,1,0,0,0
1953,2261391,0,1,0,0,0
1954,2262383,0,1,0,0,0
1955,2262532,1,0,0,0,0
1956,2275071,0,1,0,0,0
1957,2281375,1,0,0,0,0
1958,2282359,1,0,0,0,0
1959,2286707,1,0,0,0,0
1960,2288050,0,0,0,0,1
1961,2288064,0,0,1,0,0
1962,2290339,1,0,0,0,0
1963,2290891,1,0,0,0,0
1964,2292621,1,0,0,0,0
1965,2293002,0,1,0,0,0
1966,2294048,0,1,0,0,0
1967,2294076,0,1,0,0,0
1968,2295809,1,0,0,0,0
1969,2295953,0,1,0,0,0
1970,2296348,1,0,0,0,0
1971,2296682,1,0,1,0,0
1972,2297757,0,0,0,1,0
1973,2298792,0,1,0,0,0
1974,2300165,1,0,0,0,0
1975,2301351,0,0,0,0,1
1976,2303077,1,0,0,0,0
1977,2304406,1,0,0,0,0
1978,2306299,1,1,0,0,0
1979,2309295,0,0,1,0,0
1980,2309302,1,0,0,0,0
1981,2309312,1,0,0,0,0
1982,2309320,0,0,1,0,0
1983,2320220,1,0,0,0,0
1984,2321542,1,0,0,0,0
1985,2322158,0,1,0,0,0
1986,2325846,0,1,0,0,0
1987,2326517,0,0,0,1,0
1988,2327804,0,0,0,0,1
1989,2329077,0,1,0,0,0
1990,2329220,1,1,0,0,0
1991,2338096,0,0,0,0,1
1992,2339608,1,1,0,0,0
1993,2339875,1,1,0,0,0
1994,2341339,0,1,0,0,0
1995,2341379,1,0,0,0,0
1996,2342499,0,0,0,0,1
1997,2343157,0,0,0,0,1
1998,2345481,1,0,0,0,0
1999,2346169,0,0,0,0,1
2000,2346947,1,1,0,0,0
2001,2357547,0,1,0,0,0
2002,2359704,0,1,1,0,0
2003,2360717,0,0,0,1,0
2004,2362760,1,0,0,0,0
2005,2364582,0,1,0,0,0
2006,2365946,0,0,1,0,0
2007,2368645,1,0,0,0,0
2008,2373094,1,0,0,0,0
2009,2373743,1,0,0,0,0
2010,2374683,1,0,0,0,0
2011,2374744,1,0,0,0,0
2012,2375692,0,1,0,0,0
2013,2377081,0,1,0,0,0
2014,2377452,0,1,0,0,0
2015,2378536,0,0,0,0,1
2016,2379308,0,1,0,0,0
2017,2386354,0,0,0,1,1
2018,2386826,0,1,0,0,0
2019,2390276,0,0,0,1,0
2020,2390334,0,1,0,0,0
2021,2393813,0,1,0,0,0
2022,2397255,0,1,0,0,0
2023,2399794,1,0,0,0,0
2024,2400631,0,1,0,0,0
2025,2401129,0,0,0,0,1
2026,2401162,1,0,0,0,0
2027,2402137,0,1,0,0,0
2028,2402207,0,1,0,0,0
2029,2402569,0,0,0,1,0
2030,2403201,1,0,0,0,0
2031,2403776,0,1,0,0,0
2032,2404499,0,1,0,0,0
2033,2404721,1,0,0,0,0
2034,2407574,1,0,0,0,0
2035,2425098,0,1,0,0,0
2036,2427220,0,1,0,0,0
2037,2452242,0,1,0,0,0
2038,2455514,0,1,0,0,0
2039,2455546,0,1,0,0,0
2040,2474952,0,1,0,0,0
2041,2477230,1,0,0,0,0
2042,2480514,0,0,1,0,0
2043,2484950,1,0,0,0,0
2044,2497834,0,1,0,0,0
2045,2498968,1,0,0,0,1
2046,2510616,0,0,0,1,0
2047,2514488,0,0,0,0,1
2048,2520856,1,0,0,0,0
2049,2521668,0,0,1,0,0
2050,2531336,0,1,0,0,0
2051,2544148,1,1,0,0,0
2052,2548200,0,1,0,0,0
2053,2548214,1,0,0,0,0
2054,2557484,1,0,0,0,0
2055,2560140,0,1,1,0,0
2056,2568204,0,1,0,0,0
2057,2570866,1,0,0,0,0
2058,2575684,1,1,0,0,0
2059,2580046,1,1,0,0,0
2060,2581458,1,0,0,0,0
2061,2583620,0,0,1,0,0
2062,2621446,0,1,0,0,0
2063,2622982,0,1,0,0,0
2064,2623064,1,0,0,0,0
2065,2628232,0,0,1,0,0
2066,2632044,1,0,0,0,0
2067,2632424,0,0,1,0,0
2068,2645500,1,0,0,0,0
2069,2647544,0,1,1,0,0
2070,2651246,0,1,0,0,0
2071,2654580,0,1,0,0,0
2072,2654620,0,0,1,0,0
2073,2657262,1,0,0,0,0
2074,2660734,0,1,0,0,0
2075,2660806,1,0,0,0,0
2076,2662656,1,0,0,0,0
2077,2666270,1,0,0,0,0
2078,2674806,0,0,1,0,0
2079,2693776,0,1,0,0,0
2080,2703720,1,0,0,0,0
2081,2705602,1,0,0,0,0
2082,2708480,0,0,1,0,0
2083,2708560,1,0,0,0,0
2084,2712516,0,1,0,0,0
2085,2716158,1,0,0,0,0
2086,2719784,0,1,0,0,0
2087,2727600,1,0,0,0,0
2088,2729716,1,0,0,0,0
2089,2732442,0,1,0,0,0
2090,2733534,0,1,0,0,0
2091,2736666,0,0,0,0,1
2092,2745682,1,0,0,0,0
2093,2748124,1,0,0,0,0
2094,2748608,0,1,0,0,0
2095,2758770,0,1,0,0,0
2096,2758950,0,0,1,0,0
2097,2761354,0,0,1,0,0
2098,2762330,0,0,0,0,1
2099,2771780,0,1,0,0,0
2100,2772104,1,0,0,0,0
2101,2777882,1,1,0,0,0
2102,2782214,0,1,0,0,0
2103,2782216,1,0,0,0,0
2104,2782710,0,0,0,1,0
2105,2786956,1,0,0,0,0
2106,2789238,1,1,1,0,0
2107,2792284,0,1,0,0,0
2108,2799012,0,0,1,0,0
2109,2801096,0,0,0,0,1
2110,2802008,1,0,0,0,0
2111,2805096,0,1,0,0,0
2112,2816734,1,1,0,0,0
2113,2818496,0,1,0,0,0
2114,2824770,0,1,0,0,0
2115,2828240,1,0,0,0,0
2116,2838492,0,0,0,0,1
2117,2845786,0,0,0,1,0
2118,2871832,1,0,0,0,0
2119,2874692,1,0,0,0,0
2120,2882076,0,0,0,0,1
2121,2902088,0,0,0,0,1
2122,2902582,0,1,0,0,0
2123,2922300,1,0,0,0,0
2124,2930446,0,0,0,0,1
2125,2930604,0,1,0,0,0
2126,2933118,0,0,0,0,1
2127,2935974,0,0,1,0,0
2128,2942218,1,1,0,0,0
2129,2950342,0,0,1,0,0
2130,2963254,0,0,1,0,0
2131,2964118,1,0,0,0,0
2132,2964642,0,0,0,1,1
2133,2980110,1,0,0,0,1
2134,3004376,0,0,0,0,1
2135,3006802,1,0,0,0,0
2136,3007572,0,0,1,0,0
2137,3007640,0,0,1,0,1
2138,3019170,0,0,0,0,1
2139,3027156,0,0,0,0,1
2140,3027506,0,1,0,0,0
2141,3038248,0,0,0,0,1
2142,3038546,0,0,1,0,0
2143,3044834,0,0,0,1,0
2144,3056472,0,0,0,1,1
2145,3061046,0,1,0,0,0
2146,3061830,1,0,0,0,0
2147,3062514,0,0,0,0,1
2148,3066242,0,1,0,0,0
2149,3077282,0,1,0,0,0
2150,3079768,0,1,1,0,0
2151,3080030,0,0,0,0,1
2152,3084150,1,0,0,0,0
2153,3104072,1,1,0,0,0
2154,3104236,1,0,0,0,0
2155,3105452,1,0,0,0,0
2156,3107288,0,1,0,0,0
2157,3109706,0,1,0,0,0
2158,3114350,1,0,1,0,0
2159,3114376,0,1,0,0,0
2160,3114390,0,1,0,0,0
2161,3115338,1,0,0,0,0
2162,3124992,1,1,0,0,0
2163,3127020,1,0,0,0,0
2164,3138604,0,1,0,0,0
2165,3141190,1,0,0,0,0
2166,3142876,1,0,0,0,0
2167,3143378,1,0,0,0,0
2168,3150586,1,0,0,0,0
2169,3165150,0,0,0,0,1
2170,3177810,0,1,0,0,0
2171,3184674,1,0,1,0,0
2172,3184708,1,0,0,0,0
2173,3185682,0,0,1,0,0
2174,3186162,0,0,1,0,0
2175,3205302,0,0,0,0,1
2176,3215888,0,1,0,0,0
2177,3215892,1,0,0,0,0
2178,3216682,1,0,0,0,0
2179,3225270,0,1,0,0,0
2180,3228420,1,0,0,0,0
2181,3230454,1,1,0,0,0
2182,3230780,0,0,1,0,0
2183,3231286,0,0,0,0,1
2184,3232262,0,1,0,0,0
2185,3243098,1,0,0,0,0
2186,3257166,0,1,0,0,0
2187,3277670,0,0,0,0,1
2188,3288518,1,0,0,0,0
2189,3292726,0,0,1,0,0
2190,3312378,1,0,0,0,0
2191,3322310,0,1,0,0,0
2192,3322312,0,1,0,0,0
2193,3322314,0,1,0,0,0
2194,3322566,1,1,0,0,0
2195,3326054,0,1,0,0,0
2196,3333880,0,0,0,0,1
2197,3337194,0,1,1,0,0
2198,3351392,0,0,0,1,0
2199,3357586,1,0,0,0,0
2200,3358020,0,1,1,0,0
2201,3377134,1,0,0,0,0
2202,3398976,0,1,1,0,0
2203,3413236,0,1,0,0,0
2204,3443274,1,0,0,0,0
2205,3453566,0,1,0,0,0
2206,3455408,0,0,0,1,1
2207,3460454,1,0,0,0,0
2208,3467380,1,0,0,0,0
2209,3469050,1,0,0,0,1
2210,3469052,1,0,0,0,0
2211,3475734,0,1,0,0,0
2212,3484274,0,0,0,0,1
2213,3487410,0,0,1,0,0
2214,3487478,0,1,0,0,0
2215,3489184,0,0,1,0,0
2216,3498622,0,0,1,0,0
2217,3499120,0,1,0,0,0
2218,3501584,0,0,1,0,0
2219,3514324,0,1,0,0,0
2220,3514596,0,1,0,0,0
2221,3521854,0,1,0,0,0
2222,3522052,0,0,0,0,1
2223,3530232,0,0,0,0,1
2224,3530644,1,0,0,0,0
2225,3532752,1,1,0,0,0
2226,3543006,0,0,0,1,0
2227,3544556,1,1,0,0,0
2228,3549044,1,0,0,0,0
2229,3551796,0,1,0,0,0
2230,3560084,0,1,0,0,0
2231,3565486,1,1,0,0,0
2232,3592708,1,0,0,0,0
2233,3592718,1,0,0,0,0
2234,3596174,0,1,0,0,0
2235,3597790,0,1,0,0,0
2236,3598030,0,1,0,0,0
2237,3604232,0,1,0,0,0
2238,3612626,1,0,0,0,0
2239,3621796,0,1,0,0,0
2240,3636060,1,0,0,0,0
2241,3645318,1,0,0,0,0
2242,3652662,0,1,0,0,0
2243,3656076,1,0,0,0,0
2244,3663490,0,1,0,0,0
2245,3665674,0,0,0,0,1
2246,3688530,0,0,0,0,1
2247,3693414,1,1,0,0,0
2248,3693428,1,1,0,0,0
2249,3703500,0,0,0,0,1
2250,3725394,0,0,0,0,1
2251,3742982,0,1,0,0,0
2252,3743822,0,0,1,0,0
2253,3747574,0,0,0,0,1
2254,3749900,0,1,0,0,0
2255,3772506,0,0,0,1,0
2256,3780132,1,0,0,0,1
2257,3781836,0,0,0,0,1
2258,3787754,0,1,0,0,1
2259,3793630,0,1,0,0,0
2260,3807022,0,1,0,0,0
2261,3807034,0,1,0,0,0
2262,3815412,0,1,0,0,0
2263,3816666,0,0,0,0,1
2264,3825328,0,1,0,0,0
2265,3830558,1,0,0,0,0
2266,3837246,0,1,0,0,0
2267,3843168,1,1,1,0,0
2268,3865236,0,1,0,0,0
2269,3865722,1,0,0,0,0
2270,3868860,0,0,0,0,1
2271,3869500,0,0,0,0,1
2272,3874528,1,1,0,0,0
2273,3888026,1,0,0,0,0
2274,3894916,0,1,1,0,0
2275,3895150,1,0,0,0,0
2276,3897284,0,0,0,1,0
2277,3900614,0,1,0,0,0
2278,3906560,0,1,0,0,0
2279,3908868,0,1,0,0,0
2280,3909224,0,1,0,0,0
2281,3911870,1,0,0,0,0
2282,3914520,0,1,0,0,0
2283,3921180,0,0,1,0,0
2284,3950092,1,0,0,0,0
2285,3952222,0,1,0,0,0
2286,3957196,1,1,0,0,0
2287,3958432,1,0,0,0,0
2288,3981938,0,1,0,0,0
2289,4031224,1,0,0,0,0
2290,4047038,0,1,0,0,0
2291,4048942,0,1,0,0,0
2292,4061080,1,0,0,0,0
2293,4062640,1,0,0,0,0
2294,4067420,0,0,1,0,0
2295,4085584,0,1,0,0,0
2296,4093826,0,0,1,0,0
2297,4118584,0,1,0,0,0
2298,4130418,0,0,0,1,0
2299,4132514,1,0,0,0,0
2300,4136774,0,1,0,0,0
2301,4145054,1,1,0,0,0
2302,4145384,0,0,1,0,0
2303,4147780,0,0,1,0,0
2304,4148744,0,1,0,0,0
2305,4150832,0,0,0,1,0
2306,4154858,0,1,0,0,0
2307,4156586,1,0,0,0,0
2308,4163486,0,1,0,0,0
2309,4168956,0,1,0,0,0
2310,4171176,0,1,0,0,0
2311,4176370,0,1,0,0,0
2312,4179452,0,1,0,0,0
2313,4181172,0,1,0,0,0
2314,4189022,0,1,1,0,0
2315,4189492,1,0,0,0,0
2316,4192782,0,0,1,0,0
2317,4201628,1,0,0,0,0
2318,4209256,0,1,0,0,0
2319,4215538,1,0,0,0,0
2320,4219258,1,1,0,0,0
2321,4229954,0,0,1,0,0
2322,4255166,0,0,0,1,0
2323,4266402,0,1,0,0,0
2324,4276624,0,1,0,0,0
2325,4277268,1,0,0,0,0
2326,4284216,1,1,0,0,0
2327,4295140,0,0,0,1,0
2328,4305162,0,0,0,0,1
2329,4312318,1,0,0,0,0
2330,4320258,0,1,0,0,0
2331,4337944,0,0,1,0,0
2332,4339192,1,0,0,0,0
2333,4343334,1,1,0,0,0
2334,4357294,1,0,0,0,0
2335,4364202,0,1,0,0,0
2336,4379632,0,1,0,0,0
2337,4396630,0,1,0,0,0
2338,4396862,1,0,0,0,0
2339,4406248,0,1,0,0,0
2340,4428022,1,0,0,0,0
2341,4445154,1,0,0,0,0
2342,4460878,0,0,1,0,0
2343,4474310,0,1,0,0,0
2344,4474344,0,1,0,0,0
2345,4481266,1,0,0,0,0
2346,4484722,0,0,0,1,0
2347,4508902,0,1,0,0,0
2348,4520906,0,1,0,0,0
2349,4532368,0,1,0,0,0
2350,4542568,1,0,0,0,0
2351,4549142,0,1,0,0,0
2352,4555364,0,1,0,0,0
2353,4565380,0,1,0,0,0
2354,4574334,0,0,1,0,0
2355,4574508,1,0,0,0,0
2356,4576352,0,1,0,0,0
2357,4578474,1,0,0,0,0
2358,4580372,1,0,0,0,0
2359,4583316,1,0,0,0,0
2360,4584326,0,1,0,0,0
2361,4591390,0,0,0,0,1
2362,4603222,1,0,0,0,0
2363,4612922,1,0,0,0,0
2364,4616700,1,0,0,0,0
2365,4622118,0,1,0,0,0
2366,4644488,0,1,0,0,0
2367,4651448,1,0,0,0,0
2368,4667888,0,0,1,0,0
2369,4680444,0,0,0,0,1
2370,4718304,0,1,0,0,0
2371,4719586,0,1,0,0,0
2372,4719744,0,0,0,1,0
2373,4728568,1,1,0,0,0
2374,4733278,0,0,0,1,0
2375,4741110,1,0,0,0,0
2376,4759674,0,1,0,0,0
2377,4770018,1,0,0,0,1
2378,4773278,1,0,0,0,0
2379,4775200,1,0,0,0,0
2380,4785472,0,1,0,0,0
2381,4787028,1,0,0,0,0
2382,4787052,1,0,0,0,0
2383,4791250,0,0,1,0,1
2384,4799574,1,0,0,0,0
2385,4800878,0,1,0,0,0
2386,4803738,1,1,0,0,0
2387,4803766,0,0,0,1,1
2388,4816058,0,1,0,0,0
2389,4816364,0,1,0,0,1
2390,4817038,0,0,0,1,1
2391,4820370,0,0,1,0,0
2392,4831392,1,0,0,0,0
2393,4847134,0,1,0,0,0
2394,4869896,0,1,0,0,0
2395,4877736,0,0,1,0,0
2396,4878326,0,1,0,0,0
2397,4884472,1,0,0,0,0
2398,4898282,0,1,1,0,0
2399,4900982,1,0,0,0,0
2400,4902964,0,1,0,0,0
2401,4906830,0,1,0,0,0
2402,4912412,1,0,0,0,0
2403,4922804,0,1,0,0,0
2404,4925000,1,1,0,0,0
2405,4928166,0,0,1,0,0
2406,4946972,0,1,0,0,0
2407,4955642,1,0,0,0,0
2408,4958580,0,1,0,0,0
2409,4969748,0,1,0,0,0
2410,4973548,1,0,0,0,0
2411,4975856,0,1,0,0,0
2412,5012644,0,1,0,0,0
2413,5014882,1,0,0,0,0
2414,5016504,0,0,1,0,0
2415,5020352,0,0,0,1,0
2416,5023666,0,1,0,0,0
2417,5024912,1,0,0,0,0
2418,5025394,0,1,0,0,0
2419,5045900,1,0,0,0,0
2420,5052460,0,1,0,0,0
2421,5057054,0,1,0,0,0
2422,5057130,1,0,0,0,0
2423,5087824,1,0,0,0,0
2424,5095466,1,1,0,0,0
2425,5099020,0,1,0,0,0
2426,5103758,1,1,0,0,0
2427,5114356,0,1,0,0,0
2428,5133998,1,0,0,0,0
2429,5141800,1,1,0,0,0
2430,5164196,0,1,0,0,0
2431,5165368,0,1,0,0,0
2432,5171438,0,1,0,0,0
2433,5175270,0,1,0,0,0
2434,5179408,1,0,0,0,0
2435,5180504,0,1,0,0,0
2436,5181284,0,0,0,1,0
2437,5182866,1,0,0,0,0
2438,5189220,0,0,0,0,1
2439,5189670,0,0,0,1,0
2440,5189944,1,0,0,0,0
2441,5193358,0,1,0,0,0
2442,5194792,0,0,1,0,0
2443,5197820,0,1,1,0,0
2444,5200920,1,0,0,0,0
2445,5201864,0,1,0,0,0
2446,5208832,1,0,0,0,0
2447,5210998,0,0,1,0,0
2448,5225764,0,1,0,0,0
2449,5239494,1,0,0,0,0
2450,5240222,0,1,0,0,0
2451,5242220,0,0,0,1,0
2452,5248878,0,0,0,1,0
2453,5271506,1,1,0,0,0
2454,5275894,0,0,0,1,0
2455,5288312,1,0,0,0,0
2456,5296406,0,1,0,0,0
2457,5299008,0,0,0,1,0
2458,5302120,1,0,0,0,0
2459,5320160,1,0,0,0,0
2460,5320412,1,1,0,0,0
2461,5332732,1,0,0,0,0
2462,5344382,0,1,0,0,0
2463,5345490,0,1,0,0,0
2464,5348176,0,1,0,0,0
2465,5350276,0,0,0,1,0
2466,5351176,0,0,0,1,0
2467,5363918,0,1,0,0,0
2468,5368542,0,0,1,0,0
2469,5369352,1,0,0,0,0
2470,5371704,1,0,0,0,0
2471,5397520,0,0,0,1,0
2472,5419200,0,1,0,0,0
2473,5420376,1,0,0,0,0
2474,5430288,0,0,0,1,0
2475,5435072,0,0,1,0,1
2476,5439480,0,1,0,0,0
2477,5459566,0,1,0,0,0
2478,5467814,1,0,0,0,0
2479,5468694,1,0,0,0,0
2480,5489746,0,0,0,1,0
2481,5497534,0,1,1,0,0
2482,5511582,0,1,0,0,0
2483,5512658,0,0,0,0,1
2484,5515212,0,1,0,0,0
2485,5520732,1,0,0,0,0
2486,5531466,0,1,0,0,0
2487,5534588,0,1,0,0,0
2488,5537534,0,1,1,0,0
2489,5540054,0,1,0,0,0
2490,5541338,0,1,0,0,0
2491,5547946,0,0,0,0,1
2492,5555260,1,0,0,0,0
2493,5564124,0,0,0,0,1
2494,5575678,1,0,0,0,0
2495,5580540,0,0,1,0,0
2496,5580664,0,1,0,0,0
2497,5583950,1,0,0,0,0
2498,5592230,0,1,0,0,0
2499,5595178,0,1,0,0,0
2500,5595688,1,0,0,0,0
2501,5603186,0,0,1,0,0
2502,5606154,0,1,0,0,0
2503,5607616,1,0,0,0,0
2504,5607970,0,0,0,0,1
2505,5614844,0,1,0,0,0
2506,5616644,1,0,0,0,0
2507,5626028,0,1,0,0,0
2508,5637798,0,0,0,1,1
2509,5639976,0,0,1,0,0
2510,5646594,1,1,0,0,0
2511,5665418,0,0,0,0,1
2512,5675620,0,1,0,0,0
2513,5679572,1,0,0,0,0
2514,5679720,0,1,0,0,0
2515,5697728,1,0,0,0,0
2516,5707408,0,0,1,0,0
2517,5722214,0,0,1,0,0
2518,5743796,0,1,0,0,0
2519,5764282,1,0,0,0,0
2520,5764332,1,0,0,0,0
2521,5764414,1,0,0,0,0
2522,5766194,1,0,0,0,0
2523,5768632,1,0,0,0,0
2524,5768840,1,0,1,0,0
2525,5774002,0,1,0,0,0
2526,5797194,1,1,0,0,0
2527,5798078,1,0,1,0,0
2528,5809150,0,1,0,0,0
2529,5834198,0,1,0,0,0
2530,5838282,0,0,1,0,1
2531,5839732,1,0,0,0,0
2532,5843858,1,0,0,0,0
2533,5847454,0,1,1,0,0
2534,5857720,1,0,0,0,0
2535,5858892,1,0,0,0,0
2536,5863126,0,0,0,1,0
2537,5868826,0,1,0,0,0
2538,5875646,0,1,1,0,0
2539,5879454,1,0,0,0,0
2540,5882386,1,0,0,0,0
2541,5895314,0,1,0,0,0
2542,5895684,0,0,0,1,0
2543,5895884,0,0,0,0,1
2544,5897304,0,1,1,0,0
2545,5900164,0,0,0,1,0
2546,5907796,0,1,0,0,0
2547,5919914,1,0,0,0,0
2548,5924572,0,1,0,0,0
2549,5926494,0,1,0,0,0
2550,5932548,0,1,0,0,0
2551,5936884,1,0,0,0,0
2552,5957358,0,1,0,0,0
2553,5966882,1,0,0,0,0
2554,5987956,0,1,1,0,0
2555,5988404,1,0,0,0,0
2556,5988466,1,0,0,0,0
2557,5994306,1,0,0,0,0
2558,5994346,1,0,0,0,0
2559,5994364,1,0,0,0,0
2560,6025022,0,1,0,0,0
2561,6032762,0,1,0,0,0
2562,6038584,0,0,1,0,0
2563,6045840,0,1,0,0,0
2564,6048644,0,0,0,0,1
2565,6051216,0,1,0,0,0
2566,6053538,0,0,1,0,0
2567,6055498,1,0,0,0,0
2568,6064676,0,0,0,1,0
2569,6064882,0,0,1,0,0
2570,6074794,1,0,0,0,0
2571,6075098,1,0,0,0,0
2572,6077448,0,1,0,0,0
2573,6090814,0,0,0,1,0
2574,6109562,0,0,1,0,0
2575,6110648,0,1,1,0,0
2576,6111130,0,1,0,0,0
2577,6130902,0,0,1,1,0
2578,6132720,1,0,0,0,0
2579,6135682,0,1,0,0,0
2580,6144672,0,1,0,0,0
2581,6148376,0,1,0,0,0
2582,6156584,0,1,0,0,0
2583,6157148,1,0,0,0,0
2584,6157190,1,0,0,0,0
2585,6160506,0,1,0,0,0
2586,6162588,1,0,0,0,0
2587,6193550,1,0,0,0,0
2588,6197170,1,0,0,0,0
2589,6205862,0,0,0,1,0
2590,6212854,0,1,0,0,0
2591,6217938,1,0,0,0,0
2592,6217954,1,0,0,0,0
2593,6225166,0,0,0,0,1
2594,6233538,0,0,0,1,0
2595,6244192,0,0,0,1,0
2596,6249614,0,0,0,1,0
2597,6256484,1,0,0,0,0
2598,6257622,1,0,0,0,0
2599,6257970,1,0,0,0,0
2600,6263222,1,0,0,0,0
2601,6283542,0,1,0,0,0
2602,6289132,0,0,1,0,1
2603,6300100,1,0,0,0,0
2604,6316900,1,0,0,0,0
2605,6317068,0,1,0,0,0
2606,6322264,0,0,0,1,0
2607,6333098,0,0,0,1,0
2608,6342474,0,1,0,0,0
2609,6357658,0,1,0,0,0
2610,6385752,1,0,0,0,0
2611,6402190,1,0,0,0,0
2612,6404896,0,1,1,0,0
2613,6422944,0,0,0,0,1
2614,6424454,0,1,0,0,0
2615,6428698,1,0,0,0,0
2616,6437024,0,0,0,1,0
2617,6439562,0,0,0,1,0
2618,6455986,0,1,0,0,0
2619,6456546,0,1,0,0,0
2620,6459472,0,0,0,1,0
2621,6461736,0,1,0,0,0
2622,6462806,1,0,0,0,0
2623,6468322,0,1,0,0,0
2624,6472710,1,0,0,0,0
2625,6473300,0,1,0,0,0
2626,6473344,0,1,0,0,0
2627,6488862,1,0,0,0,0
2628,6491434,1,0,0,0,0
2629,6494622,1,0,0,0,0
2630,6510950,0,1,0,0,0
2631,6516076,1,0,0,0,0
2632,6517102,0,1,1,0,0
2633,6519410,0,0,1,0,0
2634,6522580,1,0,0,0,0
2635,6524350,1,0,0,0,0
2636,6536562,0,1,0,0,0
2637,6543986,0,1,0,0,0
2638,6548228,0,0,1,0,0
2639,6591406,1,0,0,0,0
2640,6601082,0,1,0,0,0
2641,6608260,0,0,0,1,0
2642,6611916,0,1,1,0,0
2643,6636246,1,0,0,0,0
2644,6666966,0,0,0,0,1
2645,6682754,0,1,0,0,0
2646,6685272,0,0,0,1,1
2647,6720154,1,0,0,0,0
2648,6723522,0,0,1,0,0
2649,6724368,1,0,0,0,0
2650,6740146,1,0,1,0,0
2651,6741278,0,1,0,0,0
2652,6762348,1,0,0,0,0
2653,6768600,0,1,0,0,0
2654,6772826,0,0,0,0,1
2655,6779076,0,1,0,0,0
2656,6782014,0,0,1,0,0
2657,6807662,0,1,0,0,0
2658,6824234,1,0,0,0,0
2659,6839788,0,1,0,0,0
2660,6840134,0,0,0,1,0
2661,6843558,0,0,1,0,0
2662,6849940,0,1,0,0,0
2663,6856484,0,0,1,0,0
2664,6859260,0,1,0,0,0
2665,6868278,0,1,0,0,0
2666,6873926,0,0,1,0,0
2667,6874206,0,0,0,0,1
2668,6874502,0,1,0,0,0
2669,6903284,0,0,1,0,0
2670,6905458,0,0,1,0,0
2671,6905686,0,0,1,0,0
2672,6908976,0,1,0,0,0
2673,6928052,0,1,0,0,0
2674,6932244,0,1,0,0,0
2675,6942048,1,1,0,0,0
2676,6963504,0,0,0,1,0
2677,6964748,0,1,0,0,0
2678,6965802,0,1,0,0,0
2679,6987788,0,0,0,0,1
2680,6994156,1,1,0,0,0
2681,7016936,0,1,0,0,0
2682,7020608,1,0,0,0,0
2683,7035576,1,1,0,0,0
2684,7042146,0,1,0,0,0
2685,7043380,1,0,0,0,0
2686,7048386,0,0,1,0,0
2687,7052634,1,0,0,0,0
2688,7053188,1,1,0,0,0
2689,7053920,0,0,0,1,0
2690,7084536,0,0,1,0,0
2691,7094780,1,1,0,0,0
2692,7094874,1,0,0,0,0
2693,7099334,1,0,1,0,0
2694,7115498,1,0,0,0,0
2695,7115656,1,0,0,0,0
2696,7137306,0,0,0,1,0
2697,7151510,1,0,0,0,0
2698,7151584,1,0,0,0,0
2699,7161862,0,1,0,0,0
2700,7163698,1,0,0,0,0
2701,7172080,1,0,0,0,0
2702,7194764,0,0,1,1,0
2703,7197684,0,1,0,0,0
2704,7211618,1,0,0,0,0
2705,7212136,0,0,0,1,0
2706,7216636,0,0,1,0,0
2707,7221388,0,1,0,0,0
2708,7226940,1,0,0,0,0
2709,7235466,0,1,0,0,0
2710,7239256,0,0,0,0,1
2711,7259746,0,0,0,0,1
2712,7263328,1,0,0,0,0
2713,7278588,1,0,0,0,0
2714,7293016,0,0,0,1,0
2715,7298976,1,0,0,0,0
2716,7326322,1,0,1,0,0
2717,7334894,0,0,0,1,0
2718,7335184,1,0,0,0,0
2719,7343832,0,1,0,0,0
2720,7349602,0,0,0,1,0
2721,7379872,0,0,1,0,0
2722,7383658,1,0,0,0,0
2723,7403736,0,0,1,0,0
2724,7406320,0,0,1,1,0
2725,7413448,1,0,0,0,0
2726,7414954,0,0,1,0,0
2727,7428834,0,1,0,0,0
2728,7431790,1,0,0,0,0
2729,7431994,0,1,0,0,0
2730,7440274,0,0,0,1,0
2731,7440366,0,1,0,0,0
2732,7441658,0,1,0,0,0
2733,7453996,0,0,0,1,0
2734,7459986,0,1,0,0,0
2735,7462410,0,1,0,0,0
2736,7467448,0,0,0,0,1
2737,7475590,0,1,0,0,0
2738,7491982,0,1,0,0,0
2739,7521578,1,0,0,0,0
2740,7521778,1,0,0,0,0
2741,7521898,1,0,0,0,0
2742,7529770,1,0,0,0,0
2743,7535994,0,1,0,0,0
2744,7550774,1,1,0,0,0
2745,7554866,0,0,0,1,1
2746,7555294,0,1,0,0,0
2747,7569592,0,0,1,0,0
2748,7570990,0,0,0,1,0
2749,7573024,0,0,1,0,0
2750,7587362,1,0,0,0,0
2751,7588054,1,0,0,0,0
2752,7599942,0,1,0,0,0
2753,7608248,1,0,0,0,0
2754,7612548,0,1,0,0,0
2755,7619858,0,0,0,0,1
2756,7644680,0,0,0,1,1
2757,7649694,1,0,0,0,0
2758,7653274,0,0,0,1,1
2759,7658402,0,1,0,0,0
2760,7661390,0,1,0,0,0
2761,7662364,1,0,0,0,0
2762,7667038,0,0,0,1,0
2763,7668518,0,1,0,0,0
2764,7670568,0,0,0,0,1
2765,7686456,0,0,0,0,1
2766,7697062,0,1,0,0,0
2767,7712598,0,1,0,0,0
2768,7712706,1,0,0,0,0
2769,7721046,0,0,1,0,0
2770,7736544,0,1,0,0,0
2771,7745956,0,1,0,0,0
2772,7752034,0,0,0,1,0
2773,7759130,0,1,0,0,0
2774,7763662,0,0,0,1,0
2775,7765404,0,1,0,0,0
2776,7768166,0,0,0,0,1
2777,7772602,0,1,1,0,0
2778,7781554,1,0,0,0,0
2779,7782022,0,0,0,1,0
2780,7784206,1,0,0,0,0
2781,7790776,0,1,0,0,0
2782,7801780,0,0,1,0,0
2783,7804132,0,0,0,1,0
2784,7817966,1,0,0,0,0
2785,7820906,1,0,0,0,0
2786,7865090,1,1,0,0,0
2787,7866314,0,0,0,0,1
2788,7880766,1,0,0,0,0
2789,7889220,0,0,0,1,0
2790,7907916,0,0,0,1,0
2791,7907922,0,0,1,0,0
2792,7908628,0,0,1,0,0
2793,7920500,1,0,0,0,0
2794,7923816,1,0,0,0,0
2795,7924812,0,0,0,1,1
2796,7927936,1,0,0,0,0
2797,7935522,0,0,0,1,0
2798,7938588,0,1,0,0,0
2799,7942796,0,1,0,0,0
2800,7944664,0,1,0,0,0
2801,7945066,0,1,0,0,0
2802,7949204,0,0,1,0,0
2803,7949218,0,1,0,0,0
2804,7965802,0,1,0,0,0
2805,7967262,0,0,0,0,1
2806,7978710,0,1,0,0,0
2807,7981562,1,0,0,0,0
2808,8001788,1,0,0,0,0
2809,8004578,0,0,0,1,0
2810,8005374,0,0,0,1,0
2811,8010592,0,0,0,1,0
2812,8019444,1,0,0,0,0
2813,8021824,1,0,1,0,0
2814,8038720,0,1,0,0,0
2815,8042500,0,1,0,0,0
2816,8045468,1,0,0,0,0
2817,8045690,1,0,0,0,0
2818,8045936,1,0,0,0,0
2819,8050740,0,1,0,0,0
2820,8050756,0,1,1,0,0
2821,8068860,0,0,1,0,0
2822,8069036,0,1,0,0,0
2823,8078816,1,0,0,0,0
2824,8092942,0,0,0,1,1
2825,8098956,1,0,0,0,0
2826,8103070,0,0,1,0,0
2827,8105958,0,1,0,0,0
2828,8111088,0,1,0,0,0
2829,8115560,0,0,0,0,1
2830,8116380,0,1,0,0,0
2831,8129610,0,1,0,0,0
2832,8139230,0,0,0,1,0
2833,8146754,1,1,0,0,0
2834,8160178,0,1,0,0,0
2835,8179162,1,0,0,0,0
2836,8179402,0,1,0,0,0
2837,8199972,1,1,0,0,0
2838,8213522,0,1,1,0,0
2839,8220344,0,1,0,0,0
2840,8225204,0,1,0,0,0
2841,8232504,1,0,0,0,0
2842,8235236,0,1,0,0,0
2843,8236556,1,0,0,0,0
2844,8242548,1,0,0,0,0
2845,8242904,1,0,0,0,0
2846,8254348,1,0,0,0,0
2847,8269398,1,0,0,0,0
2848,8284230,0,0,1,0,0
2849,8289480,0,1,0,0,0
2850,8289930,0,0,0,1,0
2851,8295472,0,0,1,0,0
2852,8295694,0,0,0,1,1
2853,8300324,0,0,0,1,0
2854,8303474,0,1,0,0,0
2855,8314920,1,1,1,0,0
2856,8317568,1,0,0,0,0
2857,8322592,0,1,0,0,0
2858,8336340,0,1,0,0,0
2859,8358050,1,0,0,0,0
2860,8360326,1,0,0,0,0
2861,8360352,1,0,0,0,0
2862,8362852,0,1,1,0,0
2863,8378420,0,1,0,0,0
2864,8388390,0,0,1,0,0
2865,8392006,0,1,0,0,0
2866,8403570,0,0,1,0,0
2867,8404520,0,0,1,0,0
2868,8416494,0,1,0,0,0
2869,8417308,1,0,0,0,0
2870,8421152,0,1,1,0,0
2871,8422802,1,0,0,0,0
2872,8425308,0,0,0,0,1
2873,8425532,0,1,0,0,0
2874,8427140,0,0,1,0,0
2875,8430234,0,0,0,0,1
2876,8431322,0,0,0,1,0
2877,8433216,0,1,0,0,0
2878,8434720,1,0,0,0,0
2879,8435344,0,1,0,0,0
2880,8451888,1,0,0,0,0
2881,8478162,1,0,0,0,0
2882,8500086,0,1,0,0,0
2883,8515016,0,1,0,0,0
2884,8517780,1,0,0,0,0
2885,8518136,1,0,0,0,0
2886,8521376,1,0,0,0,0
2887,8523042,0,1,0,0,0
2888,8524580,1,0,0,0,0
2889,8527842,0,0,0,0,1
2890,8543390,1,0,0,0,0
2891,8565136,0,1,1,0,0
2892,8572232,0,0,0,1,0
2893,8577458,1,0,0,0,0
2894,8585954,1,0,0,0,0
2895,8591092,1,0,0,0,0
2896,8594028,0,1,0,0,0
2897,8595766,1,0,0,0,0
2898,8610212,0,0,1,0,0
2899,8619822,0,0,1,0,0
2900,8641686,0,0,0,0,1
2901,8648696,1,0,0,0,0
2902,8652642,0,1,0,0,0
2903,8670784,0,0,1,0,0
2904,8673610,0,1,0,0,0
2905,8680560,0,0,0,0,1
2906,8685324,1,0,0,0,0
2907,8688814,0,1,0,0,0
2908,8690728,0,1,0,0,0
2909,8690776,0,1,0,0,0
2910,8690890,1,0,0,0,0
2911,8693266,0,1,0,0,0
2912,8696768,1,0,0,0,0
2913,8697870,0,1,0,0,0
2914,8699270,0,1,0,0,0
2915,8708280,1,0,0,0,0
2916,8710432,1,0,0,0,0
2917,8712204,0,1,0,0,0
2918,8722888,0,1,0,0,0
2919,8725166,0,0,0,1,0
2920,8729932,1,0,0,0,0
2921,8740790,1,0,0,0,0
2922,8741648,0,1,0,0,0
2923,8750956,1,1,0,0,0
2924,8755226,0,1,1,0,0
2925,8760264,0,0,0,0,1
2926,8762206,0,0,1,0,0
2927,8769260,1,0,0,0,0
2928,8769360,0,1,0,0,0
2929,8772088,0,0,0,1,0
2930,8773080,0,0,1,0,0
2931,8773338,0,0,0,0,1
2932,8787802,1,0,0,0,0
2933,8788458,0,1,1,0,0
2934,8792570,0,0,0,1,1
2935,8801670,0,0,1,0,0
2936,8801708,1,0,0,0,0
2937,8806524,0,1,0,0,0
2938,8809646,1,0,0,0,0
2939,8816250,1,0,0,0,0
2940,8824648,0,0,1,0,0
2941,8826128,0,0,1,0,0
2942,8865016,1,0,0,0,0
2943,8871128,1,1,0,0,0
2944,8873996,0,1,0,0,0
2945,8882486,0,0,0,0,1
2946,8893550,0,0,0,0,1
2947,8905884,1,0,0,0,0
2948,8911552,0,0,0,0,1
2949,8914012,0,0,1,0,0
2950,8914684,0,0,0,1,0
2951,8923396,0,0,1,0,0
2952,8923854,0,1,1,0,0
2953,8929142,0,0,0,1,0
2954,8962124,1,0,0,0,0
2955,8962394,0,0,0,0,1
2956,8963328,1,0,0,0,0
2957,8976346,1,0,0,0,0
2958,8993398,1,0,0,0,0
2959,8993464,1,0,0,0,0
2960,9005728,0,1,0,0,0
2961,9012876,1,0,0,0,0
2962,9024790,1,0,0,0,0
2963,9025492,1,0,0,0,0
2964,9054354,0,0,1,0,0
2965,9054364,0,1,0,0,0
2966,9055008,0,0,1,0,0
2967,9058134,0,1,0,0,0
2968,9059350,0,1,0,0,0
2969,9059594,0,1,0,0,0
2970,9064858,0,0,1,0,0
2971,9073940,0,1,0,0,0
2972,9074360,0,1,0,0,0
2973,9077184,1,0,0,0,0
2974,9077192,0,0,1,0,1
2975,9077530,1,0,0,0,0
2976,9077540,1,0,0,0,0
2977,9083954,0,1,0,0,0
2978,9096108,1,0,0,0,0
2979,9104072,0,0,1,0,0
2980,9114372,0,1,0,0,0
2981,9130542,1,0,0,0,0
2982,9140554,0,1,0,0,0
2983,9145880,1,0,0,0,0
2984,9159144,0,0,0,1,0
2985,9164986,1,0,0,0,0
2986,9165706,0,0,0,0,1
2987,9169784,0,1,0,0,0
2988,9170584,0,0,0,0,1
2989,9170638,1,0,0,0,0
2990,9184820,0,1,0,0,0
2991,9184986,0,1,0,0,0
2992,9184994,1,0,0,0,0
2993,9199798,0,0,0,1,0
2994,9248538,0,1,0,0,0
2995,9251798,0,1,0,0,0
2996,9278032,0,0,0,0,1
2997,9281190,0,1,0,0,0
2998,9288030,0,1,0,0,0
2999,9288826,1,0,0,0,0
3000,9288848,0,1,0,0,0
3001,9304350,1,0,0,0,0
3002,9307686,0,1,0,0,0
3003,9310330,0,1,0,0,0
3004,9310336,0,1,1,0,0
3005,9310372,0,0,1,0,0
3006,9316032,0,0,0,0,1
3007,9325320,1,0,0,0,0
3008,9327706,0,0,1,0,0
3009,9335498,0,1,0,0,0
3010,9348700,1,0,0,0,0
3011,9348718,1,1,1,0,0
3012,9359796,0,1,0,0,0
3013,9420618,0,1,0,0,0
3014,9426194,0,0,0,1,0
3015,9426290,0,1,0,0,0
3016,9458304,0,1,1,0,0
3017,9466298,0,1,0,0,0
3018,9466990,1,0,0,0,0
3019,9471962,0,1,0,0,0
3020,9498102,0,0,0,1,0
3021,9522300,1,0,0,0,0
3022,9529500,1,1,0,0,0
3023,9529546,1,1,0,0,0
3024,9530198,0,0,0,1,0
3025,9544034,0,1,0,0,0
3026,9561862,0,1,1,0,0
3027,9581768,0,0,0,0,1
3028,9584920,1,0,0,0,0
3029,9615014,0,0,0,0,1
3030,9628244,0,1,0,0,0
3031,9642938,0,0,0,1,0
3032,9649436,1,0,0,0,0
3033,9654080,1,0,0,0,1
3034,9679542,0,1,0,0,0
3035,9680524,0,0,0,0,1
3036,9696162,1,0,0,0,0
3037,9721776,1,0,0,0,0
3038,9731222,0,1,0,0,0
3039,9731288,1,0,0,0,0
3040,9742936,0,1,0,0,0
3041,9755726,1,0,0,0,0
3042,9764386,0,0,1,0,0
3043,9780442,0,0,0,0,1
3044,9789660,0,1,0,0,0
3045,9795876,0,1,0,0,0
3046,9811118,0,1,0,0,0
3047,9811316,0,1,0,0,0
3048,9813792,0,0,1,0,0
3049,9814458,1,0,0,0,0
3050,9815502,0,0,1,0,0
3051,9817218,0,0,0,1,0
3052,9817298,0,0,0,0,1
3053,9817980,1,0,0,0,0
3054,9826344,1,0,0,0,0
3055,9828724,0,1,0,0,0
3056,9849190,1,0,0,0,0
3057,9863788,1,0,0,0,0
3058,9879074,0,0,0,1,0
3059,9886950,1,0,0,0,0
3060,9899340,1,0,0,0,0
3061,9908860,0,0,0,0,1
